model,seed,policy,thr,split,timestep,n,n_illicit,precision,recall,f1,auprc
gcn,42,val_f1,0.8099999999999999,val,-1,4687,920,0.8306538049303323,0.842391304347826,0.8364813815434431,0.866388057423713
gcn,42,val_f1,0.8099999999999999,val,29,1174,329,0.9085365853658536,0.905775075987842,0.9071537290715372,0.9311534280159766
gcn,42,val_f1,0.8099999999999999,val,30,524,83,0.8589743589743589,0.8072289156626506,0.8322981366459627,0.9282736312798257
gcn,42,val_f1,0.8099999999999999,val,31,710,106,0.7403846153846154,0.7264150943396226,0.7333333333333333,0.7090453333502194
gcn,42,val_f1,0.8099999999999999,val,32,1323,342,0.8207282913165266,0.8567251461988304,0.8383404864091559,0.8839165069753885
gcn,42,val_f1,0.8099999999999999,val,33,441,23,0.5757575757575758,0.8260869565217391,0.6785714285714286,0.5302941005663359
gcn,42,val_f1,0.8099999999999999,val,34,515,37,0.6363636363636364,0.5675675675675675,0.6,0.6891191319928317
gcn,42,val_f1,0.8099999999999999,test,-1,16670,1083,0.4821872410936205,0.5373961218836565,0.508296943231441,0.4094071461387997
gcn,42,val_f1,0.8099999999999999,test,35,1341,182,0.8022598870056498,0.7802197802197802,0.7910863509749304,0.8671234371029383
gcn,42,val_f1,0.8099999999999999,test,36,1708,33,0.1777777777777777,0.4848484848484848,0.2601626016260163,0.2229681145143082
gcn,42,val_f1,0.8099999999999999,test,37,498,40,0.4651162790697674,0.5,0.4819277108433735,0.5202769257666383
gcn,42,val_f1,0.8099999999999999,test,38,756,111,0.5167785234899329,0.6936936936936937,0.5923076923076923,0.6258535465288103
gcn,42,val_f1,0.8099999999999999,test,39,1183,81,0.4545454545454545,0.6790123456790124,0.5445544554455446,0.5074628306315159
gcn,42,val_f1,0.8099999999999999,test,40,1211,112,0.4545454545454545,0.4910714285714285,0.4721030042918455,0.4342738482562753
gcn,42,val_f1,0.8099999999999999,test,41,1132,116,0.5784313725490197,0.5086206896551724,0.5412844036697247,0.5885474034759041
gcn,42,val_f1,0.8099999999999999,test,42,2154,239,0.7673267326732673,0.6485355648535565,0.7029478458049887,0.6986022841579698
gcn,42,val_f1,0.8099999999999999,test,43,1370,24,0.0075187969924812,0.0416666666666666,0.0127388535031847,0.0170038210169481
gcn,42,val_f1,0.8099999999999999,test,44,1591,24,0.0434782608695652,0.0416666666666666,0.0425531914893617,0.0167352907463435
gcn,42,val_f1,0.8099999999999999,test,45,1221,5,0.0,0.0,0.0,0.0097243568765684
gcn,42,val_f1,0.8099999999999999,test,46,712,2,0.0384615384615384,0.5,0.0714285714285714,0.2602040816326531
gcn,42,val_f1,0.8099999999999999,test,47,846,22,0.0,0.0,0.0,0.0342009624994804
gcn,42,val_f1,0.8099999999999999,test,48,471,36,0.0,0.0,0.0,0.3629214910388964
gcn,42,val_f1,0.8099999999999999,test,49,476,56,0.0,0.0,0.0,0.1645566811937806
gcn,42,fixed_0.5,0.5,val,-1,4687,920,0.6766561514195584,0.932608695652174,0.7842778793418648,0.866388057423713
gcn,42,fixed_0.5,0.5,val,29,1174,329,0.7925,0.9635258358662614,0.869684499314129,0.9311534280159766
gcn,42,fixed_0.5,0.5,val,30,524,83,0.6782608695652174,0.9397590361445785,0.7878787878787878,0.9282736312798257
gcn,42,fixed_0.5,0.5,val,31,710,106,0.5680473372781065,0.9056603773584906,0.6981818181818182,0.7090453333502194
gcn,42,fixed_0.5,0.5,val,32,1323,342,0.6860215053763441,0.932748538011696,0.7905824039653035,0.8839165069753885
gcn,42,fixed_0.5,0.5,val,33,441,23,0.3620689655172414,0.9130434782608696,0.5185185185185185,0.5302941005663359
gcn,42,fixed_0.5,0.5,val,34,515,37,0.4426229508196721,0.7297297297297297,0.5510204081632653,0.6891191319928317
gcn,42,fixed_0.5,0.5,test,-1,16670,1083,0.34375,0.6703601108033241,0.4544600938967136,0.4094071461387997
gcn,42,fixed_0.5,0.5,test,35,1341,182,0.6217228464419475,0.912087912087912,0.7394209354120267,0.8671234371029383
gcn,42,fixed_0.5,0.5,test,36,1708,33,0.1407035175879397,0.8484848484848485,0.2413793103448276,0.2229681145143082
gcn,42,fixed_0.5,0.5,test,37,498,40,0.3218390804597701,0.7,0.4409448818897638,0.5202769257666383
gcn,42,fixed_0.5,0.5,test,38,756,111,0.37109375,0.8558558558558559,0.5177111716621253,0.6258535465288103
gcn,42,fixed_0.5,0.5,test,39,1183,81,0.3285024154589372,0.8395061728395061,0.4722222222222222,0.5074628306315159
gcn,42,fixed_0.5,0.5,test,40,1211,112,0.3145539906103286,0.5982142857142857,0.4123076923076923,0.4342738482562753
gcn,42,fixed_0.5,0.5,test,41,1132,116,0.415,0.7155172413793104,0.5253164556962026,0.5885474034759041
gcn,42,fixed_0.5,0.5,test,42,2154,239,0.6182432432432432,0.7656903765690377,0.6841121495327103,0.6986022841579698
gcn,42,fixed_0.5,0.5,test,43,1370,24,0.0195121951219512,0.1666666666666666,0.0349344978165938,0.0170038210169481
gcn,42,fixed_0.5,0.5,test,44,1591,24,0.0142857142857142,0.0416666666666666,0.0212765957446808,0.0167352907463435
gcn,42,fixed_0.5,0.5,test,45,1221,5,0.0,0.0,0.0,0.0097243568765684
gcn,42,fixed_0.5,0.5,test,46,712,2,0.0204081632653061,0.5,0.0392156862745098,0.2602040816326531
gcn,42,fixed_0.5,0.5,test,47,846,22,0.0,0.0,0.0,0.0342009624994804
gcn,42,fixed_0.5,0.5,test,48,471,36,0.5,0.0555555555555555,0.1,0.3629214910388964
gcn,42,fixed_0.5,0.5,test,49,476,56,0.0,0.0,0.0,0.1645566811937806
sage,42,val_f1,0.7799999999999999,val,-1,4687,920,0.912568306010929,0.907608695652174,0.9100817438692098,0.9574899400433344
sage,42,val_f1,0.7799999999999999,val,29,1174,329,0.95,0.9240121580547112,0.9368258859784284,0.9691506999643502
sage,42,val_f1,0.7799999999999999,val,30,524,83,0.8539325842696629,0.9156626506024096,0.8837209302325582,0.9320326297893612
sage,42,val_f1,0.7799999999999999,val,31,710,106,0.8962264150943396,0.8962264150943396,0.8962264150943396,0.930918072599572
sage,42,val_f1,0.7799999999999999,val,32,1323,342,0.9376854599406528,0.9239766081871345,0.930780559646539,0.9789344012728474
sage,42,val_f1,0.7799999999999999,val,33,441,23,0.7307692307692307,0.8260869565217391,0.7755102040816326,0.7575633052434507
sage,42,val_f1,0.7799999999999999,val,34,515,37,0.6756756756756757,0.6756756756756757,0.6756756756756757,0.756646561191376
sage,42,val_f1,0.7799999999999999,test,-1,16670,1083,0.5201048951048951,0.5493998153277931,0.5343511450381679,0.4765118507331699
sage,42,val_f1,0.7799999999999999,test,35,1341,182,0.7853403141361257,0.8241758241758241,0.8042895442359249,0.8673677247477615
sage,42,val_f1,0.7799999999999999,test,36,1708,33,0.19,0.5757575757575758,0.2857142857142857,0.2121897048735877
sage,42,val_f1,0.7799999999999999,test,37,498,40,0.4285714285714285,0.525,0.4719101123595505,0.5836724742787847
sage,42,val_f1,0.7799999999999999,test,38,756,111,0.4945054945054945,0.8108108108108109,0.6143344709897611,0.7654128891357944
sage,42,val_f1,0.7799999999999999,test,39,1183,81,0.5432098765432098,0.5432098765432098,0.5432098765432098,0.4290222622384131
sage,42,val_f1,0.7799999999999999,test,40,1211,112,0.6533333333333333,0.4375,0.5240641711229946,0.4979424823715426
sage,42,val_f1,0.7799999999999999,test,41,1132,116,0.5344827586206896,0.5344827586206896,0.5344827586206896,0.5581382369895684
sage,42,val_f1,0.7799999999999999,test,42,2154,239,0.7658536585365854,0.6569037656903766,0.7072072072072072,0.6945317526706097
sage,42,val_f1,0.7799999999999999,test,43,1370,24,0.0,0.0,0.0,0.0299786756729274
sage,42,val_f1,0.7799999999999999,test,44,1591,24,0.0454545454545454,0.0416666666666666,0.0434782608695652,0.0179438389638638
sage,42,val_f1,0.7799999999999999,test,45,1221,5,0.0,0.0,0.0,0.0087687651541323
sage,42,val_f1,0.7799999999999999,test,46,712,2,0.0769230769230769,0.5,0.1333333333333333,0.2803030303030303
sage,42,val_f1,0.7799999999999999,test,47,846,22,0.2,0.0454545454545454,0.074074074074074,0.095332566042346
sage,42,val_f1,0.7799999999999999,test,48,471,36,0.0,0.0,0.0,0.272985713369918
sage,42,val_f1,0.7799999999999999,test,49,476,56,0.0,0.0,0.0,0.0751716495867825
sage,42,fixed_0.5,0.5,val,-1,4687,920,0.8371868978805395,0.9445652173913044,0.8876404494382022,0.9574899400433344
sage,42,fixed_0.5,0.5,val,29,1174,329,0.9085714285714286,0.9665653495440728,0.9366715758468336,0.9691506999643502
sage,42,fixed_0.5,0.5,val,30,524,83,0.8020833333333334,0.927710843373494,0.8603351955307262,0.9320326297893612
sage,42,fixed_0.5,0.5,val,31,710,106,0.7983870967741935,0.9339622641509434,0.8608695652173913,0.930918072599572
sage,42,fixed_0.5,0.5,val,32,1323,342,0.8567708333333334,0.9619883040935672,0.90633608815427,0.9789344012728474
sage,42,fixed_0.5,0.5,val,33,441,23,0.6129032258064516,0.8260869565217391,0.7037037037037037,0.7575633052434507
sage,42,fixed_0.5,0.5,val,34,515,37,0.5094339622641509,0.7297297297297297,0.6,0.756646561191376
sage,42,fixed_0.5,0.5,test,-1,16670,1083,0.4499650104968509,0.5937211449676824,0.5119426751592356,0.4765118507331699
sage,42,fixed_0.5,0.5,test,35,1341,182,0.6977777777777778,0.8626373626373627,0.7714987714987716,0.8673677247477615
sage,42,fixed_0.5,0.5,test,36,1708,33,0.1641791044776119,0.6666666666666666,0.2634730538922156,0.2121897048735877
sage,42,fixed_0.5,0.5,test,37,498,40,0.3538461538461538,0.575,0.4380952380952381,0.5836724742787847
sage,42,fixed_0.5,0.5,test,38,756,111,0.4502369668246445,0.8558558558558559,0.5900621118012422,0.7654128891357944
sage,42,fixed_0.5,0.5,test,39,1183,81,0.46875,0.5555555555555556,0.5084745762711864,0.4290222622384131
sage,42,fixed_0.5,0.5,test,40,1211,112,0.5638297872340425,0.4732142857142857,0.5145631067961165,0.4979424823715426
sage,42,fixed_0.5,0.5,test,41,1132,116,0.4963503649635036,0.5862068965517241,0.5375494071146245,0.5581382369895684
sage,42,fixed_0.5,0.5,test,42,2154,239,0.7291666666666666,0.7322175732217573,0.7306889352818372,0.6945317526706097
sage,42,fixed_0.5,0.5,test,43,1370,24,0.0,0.0,0.0,0.0299786756729274
sage,42,fixed_0.5,0.5,test,44,1591,24,0.0238095238095238,0.0416666666666666,0.0303030303030303,0.0179438389638638
sage,42,fixed_0.5,0.5,test,45,1221,5,0.0,0.0,0.0,0.0087687651541323
sage,42,fixed_0.5,0.5,test,46,712,2,0.05,0.5,0.0909090909090909,0.2803030303030303
sage,42,fixed_0.5,0.5,test,47,846,22,0.0909090909090909,0.0454545454545454,0.0606060606060606,0.095332566042346
sage,42,fixed_0.5,0.5,test,48,471,36,0.2,0.0555555555555555,0.0869565217391304,0.272985713369918
sage,42,fixed_0.5,0.5,test,49,476,56,0.0,0.0,0.0,0.0751716495867825
gat,42,val_f1,0.8599999999999999,val,-1,4687,920,0.8539205155746509,0.8641304347826086,0.8589951377633711,0.910472776700341
gat,42,val_f1,0.8599999999999999,val,29,1174,329,0.9126506024096386,0.9209726443768996,0.9167927382753404,0.958013101221623
gat,42,val_f1,0.8599999999999999,val,30,524,83,0.8072289156626506,0.8072289156626506,0.8072289156626506,0.8958448432417487
gat,42,val_f1,0.8599999999999999,val,31,710,106,0.7589285714285714,0.8018867924528302,0.7798165137614679,0.7879861117117348
gat,42,val_f1,0.8599999999999999,val,32,1323,342,0.9166666666666666,0.868421052631579,0.8918918918918919,0.94745566666854
gat,42,val_f1,0.8599999999999999,val,33,441,23,0.6666666666666666,0.782608695652174,0.72,0.6703930892151333
gat,42,val_f1,0.8599999999999999,val,34,515,37,0.4716981132075472,0.6756756756756757,0.5555555555555556,0.6905474156556922
gat,42,val_f1,0.8599999999999999,test,-1,16670,1083,0.4578005115089514,0.4958448753462603,0.476063829787234,0.4202676444363812
gat,42,val_f1,0.8599999999999999,test,35,1341,182,0.6844444444444444,0.8461538461538461,0.7567567567567568,0.8040295446476696
gat,42,val_f1,0.8599999999999999,test,36,1708,33,0.1610169491525423,0.5757575757575758,0.2516556291390728,0.1554336404775989
gat,42,val_f1,0.8599999999999999,test,37,498,40,0.3050847457627119,0.45,0.3636363636363636,0.4263899067754338
gat,42,val_f1,0.8599999999999999,test,38,756,111,0.3163841807909605,0.5045045045045045,0.3888888888888889,0.3643764621042957
gat,42,val_f1,0.8599999999999999,test,39,1183,81,0.4347826086956521,0.3703703703703703,0.4,0.4503090496208238
gat,42,val_f1,0.8599999999999999,test,40,1211,112,0.6984126984126984,0.3928571428571428,0.5028571428571429,0.5659872490511503
gat,42,val_f1,0.8599999999999999,test,41,1132,116,0.4545454545454545,0.4310344827586206,0.4424778761061947,0.4083733244291327
gat,42,val_f1,0.8599999999999999,test,42,2154,239,0.7174887892376681,0.6694560669456067,0.6926406926406926,0.6495421579363667
gat,42,val_f1,0.8599999999999999,test,43,1370,24,0.0,0.0,0.0,0.0573656571276196
gat,42,val_f1,0.8599999999999999,test,44,1591,24,0.0606060606060606,0.0833333333333333,0.0701754385964912,0.0253693857706198
gat,42,val_f1,0.8599999999999999,test,45,1221,5,0.0,0.0,0.0,0.0148267370893332
gat,42,val_f1,0.8599999999999999,test,46,712,2,0.0909090909090909,0.5,0.1538461538461538,0.2636986301369863
gat,42,val_f1,0.8599999999999999,test,47,846,22,0.0,0.0,0.0,0.0449221693744414
gat,42,val_f1,0.8599999999999999,test,48,471,36,0.5,0.0833333333333333,0.1428571428571428,0.4966409739157369
gat,42,val_f1,0.8599999999999999,test,49,476,56,0.0,0.0,0.0,0.1073400962964181
gat,42,fixed_0.5,0.5,val,-1,4687,920,0.7023712183156173,0.933695652173913,0.8016798880074661,0.910472776700341
gat,42,fixed_0.5,0.5,val,29,1174,329,0.8142493638676844,0.972644376899696,0.8864265927977839,0.958013101221623
gat,42,fixed_0.5,0.5,val,30,524,83,0.6454545454545455,0.8554216867469879,0.7357512953367875,0.8958448432417487
gat,42,fixed_0.5,0.5,val,31,710,106,0.6470588235294118,0.9339622641509434,0.7644787644787645,0.7879861117117348
gat,42,fixed_0.5,0.5,val,32,1323,342,0.7470997679814385,0.9415204678362572,0.833117723156533,0.94745566666854
gat,42,fixed_0.5,0.5,val,33,441,23,0.3958333333333333,0.8260869565217391,0.5352112676056338,0.6703930892151333
gat,42,fixed_0.5,0.5,val,34,515,37,0.3181818181818182,0.7567567567567568,0.448,0.6905474156556922
gat,42,fixed_0.5,0.5,test,-1,16670,1083,0.3560975609756097,0.6066481994459834,0.4487704918032787,0.4202676444363812
gat,42,fixed_0.5,0.5,test,35,1341,182,0.5408805031446541,0.945054945054945,0.688,0.8040295446476696
gat,42,fixed_0.5,0.5,test,36,1708,33,0.1384615384615384,0.8181818181818182,0.2368421052631578,0.1554336404775989
gat,42,fixed_0.5,0.5,test,37,498,40,0.2727272727272727,0.6,0.375,0.4263899067754338
gat,42,fixed_0.5,0.5,test,38,756,111,0.3293172690763052,0.7387387387387387,0.4555555555555555,0.3643764621042957
gat,42,fixed_0.5,0.5,test,39,1183,81,0.304,0.4691358024691358,0.3689320388349514,0.4503090496208238
gat,42,fixed_0.5,0.5,test,40,1211,112,0.5304347826086957,0.5446428571428571,0.5374449339207048,0.5659872490511503
gat,42,fixed_0.5,0.5,test,41,1132,116,0.3708609271523179,0.4827586206896552,0.4194756554307116,0.4083733244291327
gat,42,fixed_0.5,0.5,test,42,2154,239,0.6032786885245902,0.7698744769874477,0.6764705882352942,0.6495421579363667
gat,42,fixed_0.5,0.5,test,43,1370,24,0.0476190476190476,0.0833333333333333,0.0606060606060606,0.0573656571276196
gat,42,fixed_0.5,0.5,test,44,1591,24,0.0254237288135593,0.125,0.0422535211267605,0.0253693857706198
gat,42,fixed_0.5,0.5,test,45,1221,5,0.0,0.0,0.0,0.0148267370893332
gat,42,fixed_0.5,0.5,test,46,712,2,0.0344827586206896,0.5,0.064516129032258,0.2636986301369863
gat,42,fixed_0.5,0.5,test,47,846,22,0.0,0.0,0.0,0.0449221693744414
gat,42,fixed_0.5,0.5,test,48,471,36,0.5833333333333334,0.1944444444444444,0.2916666666666667,0.4966409739157369
gat,42,fixed_0.5,0.5,test,49,476,56,0.0,0.0,0.0,0.1073400962964181
gcn,123,val_f1,0.6799999999999999,val,-1,4687,920,0.8277661795407099,0.8619565217391304,0.8445154419595314,0.884342680426573
gcn,123,val_f1,0.6799999999999999,val,29,1174,329,0.8959537572254336,0.9422492401215804,0.9185185185185184,0.9327417372405344
gcn,123,val_f1,0.6799999999999999,val,30,524,83,0.8192771084337349,0.8192771084337349,0.8192771084337349,0.915158287788152
gcn,123,val_f1,0.6799999999999999,val,31,710,106,0.7096774193548387,0.8301886792452831,0.7652173913043478,0.7963494532427413
gcn,123,val_f1,0.6799999999999999,val,32,1323,342,0.8425655976676385,0.8450292397660819,0.8437956204379562,0.8951892925600591
gcn,123,val_f1,0.6799999999999999,val,33,441,23,0.5135135135135135,0.8260869565217391,0.6333333333333333,0.6066003688733337
gcn,123,val_f1,0.6799999999999999,val,34,515,37,0.76,0.5135135135135135,0.6129032258064516,0.6969752286425607
gcn,123,val_f1,0.6799999999999999,test,-1,16670,1083,0.6333754740834386,0.4626038781163435,0.5346851654215582,0.4970537376135362
gcn,123,val_f1,0.6799999999999999,test,35,1341,182,0.8375,0.7362637362637363,0.783625730994152,0.8757902846272008
gcn,123,val_f1,0.6799999999999999,test,36,1708,33,0.2857142857142857,0.3636363636363636,0.32,0.3019456596531021
gcn,123,val_f1,0.6799999999999999,test,37,498,40,0.6363636363636364,0.525,0.5753424657534246,0.6080396783562488
gcn,123,val_f1,0.6799999999999999,test,38,756,111,0.7204301075268817,0.6036036036036037,0.6568627450980392,0.722204338589793
gcn,123,val_f1,0.6799999999999999,test,39,1183,81,0.5578947368421052,0.654320987654321,0.6022727272727273,0.539119174702525
gcn,123,val_f1,0.6799999999999999,test,40,1211,112,0.676056338028169,0.4285714285714285,0.5245901639344263,0.5192522974560011
gcn,123,val_f1,0.6799999999999999,test,41,1132,116,0.7222222222222222,0.3362068965517241,0.4588235294117647,0.6074429601975546
gcn,123,val_f1,0.6799999999999999,test,42,2154,239,0.8012820512820513,0.5230125523012552,0.6329113924050633,0.7097295809184574
gcn,123,val_f1,0.6799999999999999,test,43,1370,24,0.0,0.0,0.0,0.0197822794337619
gcn,123,val_f1,0.6799999999999999,test,44,1591,24,0.04,0.0416666666666666,0.0408163265306122,0.0197462007736884
gcn,123,val_f1,0.6799999999999999,test,45,1221,5,0.0,0.0,0.0,0.0136536327736904
gcn,123,val_f1,0.6799999999999999,test,46,712,2,0.125,0.5,0.2,0.5098039215686274
gcn,123,val_f1,0.6799999999999999,test,47,846,22,0.0,0.0,0.0,0.0408728639435523
gcn,123,val_f1,0.6799999999999999,test,48,471,36,,0.0,0.0,0.3713219884456607
gcn,123,val_f1,0.6799999999999999,test,49,476,56,0.0,0.0,0.0,0.2439520732774696
gcn,123,fixed_0.5,0.5,val,-1,4687,920,0.7723048327137546,0.9032608695652172,0.8326653306613226,0.884342680426573
gcn,123,fixed_0.5,0.5,val,29,1174,329,0.8536585365853658,0.9574468085106383,0.9025787965616046,0.9327417372405344
gcn,123,fixed_0.5,0.5,val,30,524,83,0.7473684210526316,0.8554216867469879,0.797752808988764,0.915158287788152
gcn,123,fixed_0.5,0.5,val,31,710,106,0.6642857142857143,0.8773584905660378,0.7560975609756098,0.7963494532427413
gcn,123,fixed_0.5,0.5,val,32,1323,342,0.7862595419847328,0.9035087719298246,0.8408163265306122,0.8951892925600591
gcn,123,fixed_0.5,0.5,val,33,441,23,0.4634146341463415,0.8260869565217391,0.59375,0.6066003688733337
gcn,123,fixed_0.5,0.5,val,34,515,37,0.631578947368421,0.6486486486486487,0.64,0.6969752286425607
gcn,123,fixed_0.5,0.5,test,-1,16670,1083,0.5852442671984048,0.5420129270544783,0.5627996164908916,0.4970537376135362
gcn,123,fixed_0.5,0.5,test,35,1341,182,0.7864583333333334,0.8296703296703297,0.8074866310160428,0.8757902846272008
gcn,123,fixed_0.5,0.5,test,36,1708,33,0.3088235294117647,0.6363636363636364,0.4158415841584158,0.3019456596531021
gcn,123,fixed_0.5,0.5,test,37,498,40,0.5510204081632653,0.675,0.6067415730337079,0.6080396783562488
gcn,123,fixed_0.5,0.5,test,38,756,111,0.6696428571428571,0.6756756756756757,0.672645739910314,0.722204338589793
gcn,123,fixed_0.5,0.5,test,39,1183,81,0.4915254237288136,0.7160493827160493,0.5829145728643216,0.539119174702525
gcn,123,fixed_0.5,0.5,test,40,1211,112,0.6,0.4553571428571428,0.5177664974619289,0.5192522974560011
gcn,123,fixed_0.5,0.5,test,41,1132,116,0.6973684210526315,0.4568965517241379,0.5520833333333334,0.6074429601975546
gcn,123,fixed_0.5,0.5,test,42,2154,239,0.7628865979381443,0.6192468619246861,0.6836027713625866,0.7097295809184574
gcn,123,fixed_0.5,0.5,test,43,1370,24,0.0181818181818181,0.0416666666666666,0.0253164556962025,0.0197822794337619
gcn,123,fixed_0.5,0.5,test,44,1591,24,0.03125,0.0416666666666666,0.0357142857142857,0.0197462007736884
gcn,123,fixed_0.5,0.5,test,45,1221,5,0.0,0.0,0.0,0.0136536327736904
gcn,123,fixed_0.5,0.5,test,46,712,2,0.1,0.5,0.1666666666666666,0.5098039215686274
gcn,123,fixed_0.5,0.5,test,47,846,22,0.0,0.0,0.0,0.0408728639435523
gcn,123,fixed_0.5,0.5,test,48,471,36,0.0,0.0,0.0,0.3713219884456607
gcn,123,fixed_0.5,0.5,test,49,476,56,0.0,0.0,0.0,0.2439520732774696
sage,123,val_f1,0.6,val,-1,4687,920,0.9194776931447224,0.9184782608695652,0.9189777052746058,0.95876668042263
sage,123,val_f1,0.6,val,29,1174,329,0.9692307692307692,0.9574468085106383,0.963302752293578,0.977574229780464
sage,123,val_f1,0.6,val,30,524,83,0.8620689655172413,0.9036144578313252,0.8823529411764706,0.9281691628364408
sage,123,val_f1,0.6,val,31,710,106,0.9223300970873788,0.8962264150943396,0.9090909090909092,0.9307839899276834
sage,123,val_f1,0.6,val,32,1323,342,0.9237536656891496,0.9210526315789472,0.9224011713030746,0.9700849824383818
sage,123,val_f1,0.6,val,33,441,23,0.72,0.782608695652174,0.75,0.7980136955829505
sage,123,val_f1,0.6,val,34,515,37,0.7105263157894737,0.7297297297297297,0.72,0.7677844224975511
sage,123,val_f1,0.6,test,-1,16670,1083,0.7031847133757961,0.5096952908587258,0.5910064239828694,0.5256929238053779
sage,123,val_f1,0.6,test,35,1341,182,0.902439024390244,0.8131868131868132,0.8554913294797688,0.9179618461134984
sage,123,val_f1,0.6,test,36,1708,33,0.2686567164179104,0.5454545454545454,0.36,0.2679490863167691
sage,123,val_f1,0.6,test,37,498,40,0.7142857142857143,0.375,0.4918032786885246,0.5262067496659671
sage,123,val_f1,0.6,test,38,756,111,0.7850467289719626,0.7567567567567568,0.7706422018348624,0.81071901798612
sage,123,val_f1,0.6,test,39,1183,81,0.66,0.4074074074074074,0.5038167938931297,0.4354153057051198
sage,123,val_f1,0.6,test,40,1211,112,0.7540983606557377,0.4107142857142857,0.5317919075144508,0.551277147078125
sage,123,val_f1,0.6,test,41,1132,116,0.7105263157894737,0.4655172413793103,0.5625,0.5822052547404286
sage,123,val_f1,0.6,test,42,2154,239,0.8397790055248618,0.6359832635983264,0.7238095238095238,0.729533973872413
sage,123,val_f1,0.6,test,43,1370,24,0.0,0.0,0.0,0.0320398984368157
sage,123,val_f1,0.6,test,44,1591,24,0.1111111111111111,0.0416666666666666,0.0606060606060606,0.0240778661019301
sage,123,val_f1,0.6,test,45,1221,5,0.0,0.0,0.0,0.0094863964816361
sage,123,val_f1,0.6,test,46,712,2,0.0,0.0,0.0,0.0070224048153633
sage,123,val_f1,0.6,test,47,846,22,0.0,0.0,0.0,0.0783709120203176
sage,123,val_f1,0.6,test,48,471,36,,0.0,0.0,0.2268495729963405
sage,123,val_f1,0.6,test,49,476,56,0.2,0.0178571428571428,0.0327868852459016,0.1109764240168297
sage,123,fixed_0.5,0.5,val,-1,4687,920,0.907725321888412,0.9195652173913044,0.9136069114470844,0.95876668042263
sage,123,fixed_0.5,0.5,val,29,1174,329,0.963302752293578,0.9574468085106383,0.9603658536585366,0.977574229780464
sage,123,fixed_0.5,0.5,val,30,524,83,0.8522727272727273,0.9036144578313252,0.8771929824561403,0.9281691628364408
sage,123,fixed_0.5,0.5,val,31,710,106,0.9134615384615384,0.8962264150943396,0.9047619047619048,0.9307839899276834
sage,123,fixed_0.5,0.5,val,32,1323,342,0.9080459770114944,0.9239766081871345,0.9159420289855073,0.9700849824383818
sage,123,fixed_0.5,0.5,val,33,441,23,0.72,0.782608695652174,0.75,0.7980136955829505
sage,123,fixed_0.5,0.5,val,34,515,37,0.675,0.7297297297297297,0.7012987012987013,0.7677844224975511
sage,123,fixed_0.5,0.5,test,-1,16670,1083,0.6745562130177515,0.5263157894736842,0.5912863070539419,0.5256929238053779
sage,123,fixed_0.5,0.5,test,35,1341,182,0.8988095238095238,0.8296703296703297,0.8628571428571429,0.9179618461134984
sage,123,fixed_0.5,0.5,test,36,1708,33,0.25,0.5454545454545454,0.3428571428571428,0.2679490863167691
sage,123,fixed_0.5,0.5,test,37,498,40,0.6956521739130435,0.4,0.5079365079365079,0.5262067496659671
sage,123,fixed_0.5,0.5,test,38,756,111,0.7563025210084033,0.8108108108108109,0.782608695652174,0.81071901798612
sage,123,fixed_0.5,0.5,test,39,1183,81,0.6111111111111112,0.4074074074074074,0.4888888888888889,0.4354153057051198
sage,123,fixed_0.5,0.5,test,40,1211,112,0.7230769230769231,0.4196428571428571,0.5310734463276836,0.551277147078125
sage,123,fixed_0.5,0.5,test,41,1132,116,0.6666666666666666,0.4827586206896552,0.56,0.5822052547404286
sage,123,fixed_0.5,0.5,test,42,2154,239,0.8306878306878307,0.6569037656903766,0.7336448598130841,0.729533973872413
sage,123,fixed_0.5,0.5,test,43,1370,24,0.0,0.0,0.0,0.0320398984368157
sage,123,fixed_0.5,0.5,test,44,1591,24,0.0909090909090909,0.0416666666666666,0.0571428571428571,0.0240778661019301
sage,123,fixed_0.5,0.5,test,45,1221,5,0.0,0.0,0.0,0.0094863964816361
sage,123,fixed_0.5,0.5,test,46,712,2,0.0,0.0,0.0,0.0070224048153633
sage,123,fixed_0.5,0.5,test,47,846,22,0.0,0.0,0.0,0.0783709120203176
sage,123,fixed_0.5,0.5,test,48,471,36,,0.0,0.0,0.2268495729963405
sage,123,fixed_0.5,0.5,test,49,476,56,0.1428571428571428,0.0178571428571428,0.0317460317460317,0.1109764240168297
gat,123,val_f1,0.84,val,-1,4687,920,0.8536060279870828,0.8619565217391304,0.8577609518658734,0.90837414075039
gat,123,val_f1,0.84,val,29,1174,329,0.8919753086419753,0.878419452887538,0.885145482388974,0.9359572854844171
gat,123,val_f1,0.84,val,30,524,83,0.8192771084337349,0.8192771084337349,0.8192771084337349,0.885750911834754
gat,123,val_f1,0.84,val,31,710,106,0.7777777777777778,0.7924528301886793,0.7850467289719626,0.7963391378701873
gat,123,val_f1,0.84,val,32,1323,342,0.8956521739130435,0.9035087719298246,0.8995633187772926,0.9527263706707028
gat,123,val_f1,0.84,val,33,441,23,0.68,0.7391304347826086,0.7083333333333334,0.5880522257016401
gat,123,val_f1,0.84,val,34,515,37,0.5909090909090909,0.7027027027027027,0.6419753086419753,0.7434711618455444
gat,123,val_f1,0.84,test,-1,16670,1083,0.4571175950486295,0.4773776546629732,0.4670280036133695,0.4438491472652933
gat,123,val_f1,0.84,test,35,1341,182,0.6878048780487804,0.7747252747252747,0.7286821705426356,0.8528006843228377
gat,123,val_f1,0.84,test,36,1708,33,0.1538461538461538,0.4242424242424242,0.2258064516129032,0.207152691207991
gat,123,val_f1,0.84,test,37,498,40,0.3389830508474576,0.5,0.404040404040404,0.4562261252549145
gat,123,val_f1,0.84,test,38,756,111,0.4235294117647059,0.6486486486486487,0.5124555160142349,0.564730994081623
gat,123,val_f1,0.84,test,39,1183,81,0.4473684210526316,0.419753086419753,0.4331210191082802,0.4308153092805969
gat,123,val_f1,0.84,test,40,1211,112,0.5466666666666666,0.3660714285714285,0.4385026737967914,0.4641230020660369
gat,123,val_f1,0.84,test,41,1132,116,0.3697478991596639,0.3793103448275862,0.3744680851063829,0.2956017291408549
gat,123,val_f1,0.84,test,42,2154,239,0.6621621621621622,0.6150627615062761,0.6377440347071583,0.6550520920023787
gat,123,val_f1,0.84,test,43,1370,24,0.0,0.0,0.0,0.0307447867835465
gat,123,val_f1,0.84,test,44,1591,24,0.0,0.0,0.0,0.0221546408185453
gat,123,val_f1,0.84,test,45,1221,5,0.0,0.0,0.0,0.0165612363509054
gat,123,val_f1,0.84,test,46,712,2,0.1428571428571428,0.5,0.2222222222222222,0.5196078431372549
gat,123,val_f1,0.84,test,47,846,22,0.0,0.0,0.0,0.0542481073074532
gat,123,val_f1,0.84,test,48,471,36,0.75,0.0833333333333333,0.15,0.4558308937937043
gat,123,val_f1,0.84,test,49,476,56,0.0,0.0,0.0,0.0970696988522166
gat,123,fixed_0.5,0.5,val,-1,4687,920,0.7088402270884022,0.95,0.8118903855085927,0.90837414075039
gat,123,fixed_0.5,0.5,val,29,1174,329,0.819371727748691,0.9513677811550152,0.8804500703234881,0.9359572854844171
gat,123,fixed_0.5,0.5,val,30,524,83,0.6134453781512605,0.8795180722891566,0.7227722772277227,0.885750911834754
gat,123,fixed_0.5,0.5,val,31,710,106,0.6490066225165563,0.9245283018867924,0.7626459143968871,0.7963391378701873
gat,123,fixed_0.5,0.5,val,32,1323,342,0.7314410480349345,0.97953216374269,0.8375,0.9527263706707028
gat,123,fixed_0.5,0.5,val,33,441,23,0.5526315789473685,0.9130434782608696,0.6885245901639344,0.5880522257016401
gat,123,fixed_0.5,0.5,val,34,515,37,0.4,0.918918918918919,0.5573770491803278,0.7434711618455444
gat,123,fixed_0.5,0.5,test,-1,16670,1083,0.3509149623250807,0.6020313942751616,0.4433866031961918,0.4438491472652933
gat,123,fixed_0.5,0.5,test,35,1341,182,0.569023569023569,0.9285714285714286,0.7056367432150313,0.8528006843228377
gat,123,fixed_0.5,0.5,test,36,1708,33,0.1349693251533742,0.6666666666666666,0.2244897959183673,0.207152691207991
gat,123,fixed_0.5,0.5,test,37,498,40,0.2823529411764706,0.6,0.384,0.4562261252549145
gat,123,fixed_0.5,0.5,test,38,756,111,0.380281690140845,0.7297297297297297,0.5,0.564730994081623
gat,123,fixed_0.5,0.5,test,39,1183,81,0.28125,0.5555555555555556,0.3734439834024896,0.4308153092805969
gat,123,fixed_0.5,0.5,test,40,1211,112,0.4915254237288136,0.5178571428571429,0.5043478260869565,0.4641230020660369
gat,123,fixed_0.5,0.5,test,41,1132,116,0.3592814371257485,0.5172413793103449,0.4240282685512367,0.2956017291408549
gat,123,fixed_0.5,0.5,test,42,2154,239,0.5201149425287356,0.7573221757322176,0.616695059625213,0.6550520920023787
gat,123,fixed_0.5,0.5,test,43,1370,24,0.0,0.0,0.0,0.0307447867835465
gat,123,fixed_0.5,0.5,test,44,1591,24,0.0178571428571428,0.0833333333333333,0.0294117647058823,0.0221546408185453
gat,123,fixed_0.5,0.5,test,45,1221,5,0.0,0.0,0.0,0.0165612363509054
gat,123,fixed_0.5,0.5,test,46,712,2,0.0357142857142857,0.5,0.0666666666666666,0.5196078431372549
gat,123,fixed_0.5,0.5,test,47,846,22,0.0,0.0,0.0,0.0542481073074532
gat,123,fixed_0.5,0.5,test,48,471,36,0.6428571428571429,0.25,0.36,0.4558308937937043
gat,123,fixed_0.5,0.5,test,49,476,56,0.0,0.0,0.0,0.0970696988522166
gcn,2024,val_f1,0.6,val,-1,4687,920,0.8193877551020409,0.8728260869565218,0.8452631578947368,0.886534912029195
gcn,2024,val_f1,0.6,val,29,1174,329,0.8936781609195402,0.945288753799392,0.9187592319054652,0.930015448180944
gcn,2024,val_f1,0.6,val,30,524,83,0.7659574468085106,0.8674698795180723,0.8135593220338984,0.9296124716737992
gcn,2024,val_f1,0.6,val,31,710,106,0.7165354330708661,0.8584905660377359,0.7811158798283262,0.7489806693253636
gcn,2024,val_f1,0.6,val,32,1323,342,0.8265895953757225,0.8362573099415205,0.8313953488372093,0.9052673223180252
gcn,2024,val_f1,0.6,val,33,441,23,0.5135135135135135,0.8260869565217391,0.6333333333333333,0.6256124332991377
gcn,2024,val_f1,0.6,val,34,515,37,0.8571428571428571,0.6486486486486487,0.7384615384615385,0.7638859726148278
gcn,2024,val_f1,0.6,test,-1,16670,1083,0.6616352201257861,0.4856879039704525,0.5601703940362087,0.5230507334640685
gcn,2024,val_f1,0.6,test,35,1341,182,0.8314606741573034,0.8131868131868132,0.8222222222222222,0.8870530940277448
gcn,2024,val_f1,0.6,test,36,1708,33,0.3191489361702128,0.4545454545454545,0.375,0.3053746889525264
gcn,2024,val_f1,0.6,test,37,498,40,0.6470588235294118,0.55,0.5945945945945946,0.6872150153805336
gcn,2024,val_f1,0.6,test,38,756,111,0.6875,0.6936936936936937,0.6905829596412556,0.7374438034916903
gcn,2024,val_f1,0.6,test,39,1183,81,0.5617977528089888,0.6172839506172839,0.5882352941176471,0.5053402609814432
gcn,2024,val_f1,0.6,test,40,1211,112,0.7166666666666667,0.3839285714285714,0.5,0.515444844136426
gcn,2024,val_f1,0.6,test,41,1132,116,0.7407407407407407,0.3448275862068966,0.4705882352941176,0.5952554568250245
gcn,2024,val_f1,0.6,test,42,2154,239,0.8441558441558441,0.5439330543933054,0.6615776081424937,0.7558495961751285
gcn,2024,val_f1,0.6,test,43,1370,24,0.0,0.0,0.0,0.0246541022173397
gcn,2024,val_f1,0.6,test,44,1591,24,0.0,0.0,0.0,0.0161211946082587
gcn,2024,val_f1,0.6,test,45,1221,5,0.0,0.0,0.0,0.0132076884221154
gcn,2024,val_f1,0.6,test,46,712,2,0.3333333333333333,0.5,0.4,0.5166666666666667
gcn,2024,val_f1,0.6,test,47,846,22,0.0,0.0,0.0,0.0507701669496268
gcn,2024,val_f1,0.6,test,48,471,36,,0.0,0.0,0.4884496098810506
gcn,2024,val_f1,0.6,test,49,476,56,,0.0,0.0,0.3176440250018286
gcn,2024,fixed_0.5,0.5,val,-1,4687,920,0.7891221374045801,0.8989130434782608,0.8404471544715447,0.886534912029195
gcn,2024,fixed_0.5,0.5,val,29,1174,329,0.8681318681318682,0.96048632218845,0.911976911976912,0.930015448180944
gcn,2024,fixed_0.5,0.5,val,30,524,83,0.7326732673267327,0.891566265060241,0.8043478260869565,0.9296124716737992
gcn,2024,fixed_0.5,0.5,val,31,710,106,0.6595744680851063,0.8773584905660378,0.7530364372469636,0.7489806693253636
gcn,2024,fixed_0.5,0.5,val,32,1323,342,0.8152173913043478,0.8771929824561403,0.8450704225352113,0.9052673223180252
gcn,2024,fixed_0.5,0.5,val,33,441,23,0.475,0.8260869565217391,0.6031746031746031,0.6256124332991377
gcn,2024,fixed_0.5,0.5,val,34,515,37,0.7352941176470589,0.6756756756756757,0.704225352112676,0.7638859726148278
gcn,2024,fixed_0.5,0.5,test,-1,16670,1083,0.6289237668161435,0.518005540166205,0.5681012658227849,0.5230507334640685
gcn,2024,fixed_0.5,0.5,test,35,1341,182,0.7846153846153846,0.8406593406593407,0.8116710875331565,0.8870530940277448
gcn,2024,fixed_0.5,0.5,test,36,1708,33,0.2950819672131147,0.5454545454545454,0.3829787234042553,0.3053746889525264
gcn,2024,fixed_0.5,0.5,test,37,498,40,0.5789473684210527,0.55,0.5641025641025641,0.6872150153805336
gcn,2024,fixed_0.5,0.5,test,38,756,111,0.6554621848739496,0.7027027027027027,0.6782608695652174,0.7374438034916903
gcn,2024,fixed_0.5,0.5,test,39,1183,81,0.5483870967741935,0.6296296296296297,0.5862068965517241,0.5053402609814432
gcn,2024,fixed_0.5,0.5,test,40,1211,112,0.6666666666666666,0.4107142857142857,0.5082872928176796,0.515444844136426
gcn,2024,fixed_0.5,0.5,test,41,1132,116,0.6818181818181818,0.3879310344827586,0.4945054945054945,0.5952554568250245
gcn,2024,fixed_0.5,0.5,test,42,2154,239,0.8258426966292135,0.6150627615062761,0.7050359712230215,0.7558495961751285
gcn,2024,fixed_0.5,0.5,test,43,1370,24,0.0,0.0,0.0,0.0246541022173397
gcn,2024,fixed_0.5,0.5,test,44,1591,24,0.0,0.0,0.0,0.0161211946082587
gcn,2024,fixed_0.5,0.5,test,45,1221,5,0.0,0.0,0.0,0.0132076884221154
gcn,2024,fixed_0.5,0.5,test,46,712,2,0.2,0.5,0.2857142857142857,0.5166666666666667
gcn,2024,fixed_0.5,0.5,test,47,846,22,0.0,0.0,0.0,0.0507701669496268
gcn,2024,fixed_0.5,0.5,test,48,471,36,,0.0,0.0,0.4884496098810506
gcn,2024,fixed_0.5,0.5,test,49,476,56,,0.0,0.0,0.3176440250018286
sage,2024,val_f1,0.6799999999999999,val,-1,4687,920,0.9157667386609072,0.9217391304347826,0.9187432286023836,0.956248385587176
sage,2024,val_f1,0.6799999999999999,val,29,1174,329,0.9486404833836858,0.9544072948328268,0.9515151515151516,0.9788772873152488
sage,2024,val_f1,0.6799999999999999,val,30,524,83,0.872093023255814,0.9036144578313252,0.8875739644970414,0.916574777189704
sage,2024,val_f1,0.6799999999999999,val,31,710,106,0.8990825688073395,0.9245283018867924,0.9116279069767442,0.9398445632274924
sage,2024,val_f1,0.6799999999999999,val,32,1323,342,0.9410029498525072,0.932748538011696,0.9368575624082232,0.9718853740376432
sage,2024,val_f1,0.6799999999999999,val,33,441,23,0.6923076923076923,0.782608695652174,0.7346938775510204,0.6625697170580638
sage,2024,val_f1,0.6799999999999999,val,34,515,37,0.6857142857142857,0.6486486486486487,0.6666666666666666,0.6899585737081768
sage,2024,val_f1,0.6799999999999999,test,-1,16670,1083,0.5073977371627503,0.5383194829178208,0.5224014336917563,0.4845421681415346
sage,2024,val_f1,0.6799999999999999,test,35,1341,182,0.6842105263157895,0.8571428571428571,0.7609756097560976,0.8547343752833858
sage,2024,val_f1,0.6799999999999999,test,36,1708,33,0.1886792452830188,0.6060606060606061,0.2877697841726618,0.2572712300512011
sage,2024,val_f1,0.6799999999999999,test,37,498,40,0.3725490196078431,0.475,0.4175824175824176,0.5446291479181343
sage,2024,val_f1,0.6799999999999999,test,38,756,111,0.5,0.8288288288288288,0.6237288135593221,0.6679978656951002
sage,2024,val_f1,0.6799999999999999,test,39,1183,81,0.4923076923076923,0.3950617283950617,0.4383561643835616,0.3746246430327421
sage,2024,val_f1,0.6799999999999999,test,40,1211,112,0.5595238095238095,0.4196428571428571,0.4795918367346938,0.5049942676162839
sage,2024,val_f1,0.6799999999999999,test,41,1132,116,0.4358974358974359,0.4396551724137931,0.4377682403433476,0.4750882952189159
sage,2024,val_f1,0.6799999999999999,test,42,2154,239,0.7735849056603774,0.6861924686192469,0.7272727272727273,0.750378819292756
sage,2024,val_f1,0.6799999999999999,test,43,1370,24,0.0,0.0,0.0,0.0353378804466282
sage,2024,val_f1,0.6799999999999999,test,44,1591,24,0.0555555555555555,0.0416666666666666,0.0476190476190476,0.0214989299552658
sage,2024,val_f1,0.6799999999999999,test,45,1221,5,0.0,0.0,0.0,0.0101951383476797
sage,2024,val_f1,0.6799999999999999,test,46,712,2,0.0,0.0,0.0,0.0096963157083397
sage,2024,val_f1,0.6799999999999999,test,47,846,22,0.0,0.0,0.0,0.0981031050953542
sage,2024,val_f1,0.6799999999999999,test,48,471,36,0.0,0.0,0.0,0.2475085750244937
sage,2024,val_f1,0.6799999999999999,test,49,476,56,0.0714285714285714,0.0178571428571428,0.0285714285714285,0.0780246917563587
sage,2024,fixed_0.5,0.5,val,-1,4687,920,0.8769074262461851,0.9369565217391304,0.905937992643195,0.956248385587176
sage,2024,fixed_0.5,0.5,val,29,1174,329,0.9239766081871345,0.96048632218845,0.9418777943368108,0.9788772873152488
sage,2024,fixed_0.5,0.5,val,30,524,83,0.8064516129032258,0.9036144578313252,0.8522727272727273,0.916574777189704
sage,2024,fixed_0.5,0.5,val,31,710,106,0.8547008547008547,0.9433962264150944,0.8968609865470852,0.9398445632274924
sage,2024,fixed_0.5,0.5,val,32,1323,342,0.9027777777777778,0.9502923976608189,0.925925925925926,0.9718853740376432
sage,2024,fixed_0.5,0.5,val,33,441,23,0.6551724137931034,0.8260869565217391,0.7307692307692307,0.6625697170580638
sage,2024,fixed_0.5,0.5,val,34,515,37,0.6428571428571429,0.7297297297297297,0.6835443037974683,0.6899585737081768
sage,2024,fixed_0.5,0.5,test,-1,16670,1083,0.4704968944099379,0.5595567867036011,0.5111767186840995,0.4845421681415346
sage,2024,fixed_0.5,0.5,test,35,1341,182,0.6652892561983471,0.8846153846153846,0.7594339622641509,0.8547343752833858
sage,2024,fixed_0.5,0.5,test,36,1708,33,0.1666666666666666,0.6060606060606061,0.261437908496732,0.2572712300512011
sage,2024,fixed_0.5,0.5,test,37,498,40,0.3333333333333333,0.475,0.3917525773195876,0.5446291479181343
sage,2024,fixed_0.5,0.5,test,38,756,111,0.4577114427860697,0.8288288288288288,0.5897435897435898,0.6679978656951002
sage,2024,fixed_0.5,0.5,test,39,1183,81,0.4415584415584415,0.419753086419753,0.430379746835443,0.3746246430327421
sage,2024,fixed_0.5,0.5,test,40,1211,112,0.5638297872340425,0.4732142857142857,0.5145631067961165,0.5049942676162839
sage,2024,fixed_0.5,0.5,test,41,1132,116,0.4135338345864661,0.4741379310344827,0.4417670682730923,0.4750882952189159
sage,2024,fixed_0.5,0.5,test,42,2154,239,0.7347826086956522,0.7071129707112971,0.720682302771855,0.750378819292756
sage,2024,fixed_0.5,0.5,test,43,1370,24,0.0,0.0,0.0,0.0353378804466282
sage,2024,fixed_0.5,0.5,test,44,1591,24,0.03125,0.0416666666666666,0.0357142857142857,0.0214989299552658
sage,2024,fixed_0.5,0.5,test,45,1221,5,0.0,0.0,0.0,0.0101951383476797
sage,2024,fixed_0.5,0.5,test,46,712,2,0.0,0.0,0.0,0.0096963157083397
sage,2024,fixed_0.5,0.5,test,47,846,22,0.1666666666666666,0.0454545454545454,0.0714285714285714,0.0981031050953542
sage,2024,fixed_0.5,0.5,test,48,471,36,0.0,0.0,0.0,0.2475085750244937
sage,2024,fixed_0.5,0.5,test,49,476,56,0.0625,0.0178571428571428,0.0277777777777777,0.0780246917563587
gat,2024,val_f1,0.8999999999999999,val,-1,4687,920,0.8313891834570519,0.8521739130434782,0.8416532474503489,0.9120921988247233
gat,2024,val_f1,0.8999999999999999,val,29,1174,329,0.8928571428571429,0.9118541033434652,0.9022556390977444,0.9375406569044494
gat,2024,val_f1,0.8999999999999999,val,30,524,83,0.7529411764705882,0.7710843373493976,0.7619047619047619,0.8654963599692209
gat,2024,val_f1,0.8999999999999999,val,31,710,106,0.8,0.8301886792452831,0.8148148148148148,0.8578826472922432
gat,2024,val_f1,0.8999999999999999,val,32,1323,342,0.8533724340175953,0.8508771929824561,0.8521229868228404,0.9333583610916164
gat,2024,val_f1,0.8999999999999999,val,33,441,23,0.6071428571428571,0.7391304347826086,0.6666666666666666,0.7009105274738373
gat,2024,val_f1,0.8999999999999999,val,34,515,37,0.5581395348837209,0.6486486486486487,0.6,0.6243335534407403
gat,2024,val_f1,0.8999999999999999,test,-1,16670,1083,0.3761408083441981,0.5327793167128347,0.4409629346580053,0.4431934691104948
gat,2024,val_f1,0.8999999999999999,test,35,1341,182,0.6527196652719666,0.8571428571428571,0.7410926365795725,0.8565613123459266
gat,2024,val_f1,0.8999999999999999,test,36,1708,33,0.1532846715328467,0.6363636363636364,0.2470588235294117,0.221912143655016
gat,2024,val_f1,0.8999999999999999,test,37,498,40,0.3098591549295774,0.55,0.3963963963963964,0.5004531225174612
gat,2024,val_f1,0.8999999999999999,test,38,756,111,0.3717277486910995,0.6396396396396397,0.4701986754966887,0.6057166950019846
gat,2024,val_f1,0.8999999999999999,test,39,1183,81,0.3086419753086419,0.3086419753086419,0.3086419753086419,0.3083480687590541
gat,2024,val_f1,0.8999999999999999,test,40,1211,112,0.4962406015037593,0.5892857142857143,0.5387755102040817,0.5788040178413206
gat,2024,val_f1,0.8999999999999999,test,41,1132,116,0.3900709219858156,0.4741379310344827,0.4280155642023346,0.3664732847302105
gat,2024,val_f1,0.8999999999999999,test,42,2154,239,0.5703703703703704,0.6443514644351465,0.6051080550098232,0.5937630116403992
gat,2024,val_f1,0.8999999999999999,test,43,1370,24,0.0,0.0,0.0,0.0348352975782521
gat,2024,val_f1,0.8999999999999999,test,44,1591,24,0.0,0.0,0.0,0.0199864759546669
gat,2024,val_f1,0.8999999999999999,test,45,1221,5,0.0140845070422535,0.2,0.0263157894736842,0.016912467903606
gat,2024,val_f1,0.8999999999999999,test,46,712,2,0.0294117647058823,0.5,0.0555555555555555,0.5277777777777778
gat,2024,val_f1,0.8999999999999999,test,47,846,22,0.0,0.0,0.0,0.0473127384209288
gat,2024,val_f1,0.8999999999999999,test,48,471,36,0.8333333333333334,0.1388888888888889,0.238095238095238,0.3780548691374795
gat,2024,val_f1,0.8999999999999999,test,49,476,56,0.0,0.0,0.0,0.1232788527396684
gat,2024,fixed_0.5,0.5,val,-1,4687,920,0.6083964211975224,0.9608695652173912,0.7450484618626212,0.9120921988247233
gat,2024,fixed_0.5,0.5,val,29,1174,329,0.7541371158392435,0.9696048632218844,0.848404255319149,0.9375406569044494
gat,2024,fixed_0.5,0.5,val,30,524,83,0.503448275862069,0.8795180722891566,0.6403508771929824,0.8654963599692209
gat,2024,fixed_0.5,0.5,val,31,710,106,0.5454545454545454,0.9622641509433962,0.6962457337883959,0.8578826472922432
gat,2024,fixed_0.5,0.5,val,32,1323,342,0.6410748560460653,0.9766081871345028,0.7740440324449595,0.9333583610916164
gat,2024,fixed_0.5,0.5,val,33,441,23,0.4,0.8695652173913043,0.547945205479452,0.7009105274738373
gat,2024,fixed_0.5,0.5,val,34,515,37,0.2834645669291338,0.972972972972973,0.4390243902439024,0.6243335534407403
gat,2024,fixed_0.5,0.5,test,-1,16670,1083,0.2257474069554606,0.6832871652816251,0.3393717037376748,0.4431934691104948
gat,2024,fixed_0.5,0.5,test,35,1341,182,0.4603174603174603,0.956043956043956,0.6214285714285714,0.8565613123459266
gat,2024,fixed_0.5,0.5,test,36,1708,33,0.0828025477707006,0.7878787878787878,0.1498559077809798,0.221912143655016
gat,2024,fixed_0.5,0.5,test,37,498,40,0.2672413793103448,0.775,0.3974358974358974,0.5004531225174612
gat,2024,fixed_0.5,0.5,test,38,756,111,0.3125,0.7657657657657657,0.443864229765013,0.6057166950019846
gat,2024,fixed_0.5,0.5,test,39,1183,81,0.1658536585365853,0.419753086419753,0.2377622377622377,0.3083480687590541
gat,2024,fixed_0.5,0.5,test,40,1211,112,0.2909090909090909,0.7142857142857143,0.4134366925064599,0.5788040178413206
gat,2024,fixed_0.5,0.5,test,41,1132,116,0.2701754385964912,0.6637931034482759,0.3840399002493765,0.3664732847302105
gat,2024,fixed_0.5,0.5,test,42,2154,239,0.4224137931034483,0.8200836820083682,0.5576102418207681,0.5937630116403992
gat,2024,fixed_0.5,0.5,test,43,1370,24,0.0119760479041916,0.0833333333333333,0.0209424083769633,0.0348352975782521
gat,2024,fixed_0.5,0.5,test,44,1591,24,0.0202312138728323,0.2916666666666667,0.0378378378378378,0.0199864759546669
gat,2024,fixed_0.5,0.5,test,45,1221,5,0.0172413793103448,0.6,0.0335195530726257,0.016912467903606
gat,2024,fixed_0.5,0.5,test,46,712,2,0.025,1.0,0.048780487804878,0.5277777777777778
gat,2024,fixed_0.5,0.5,test,47,846,22,0.021505376344086,0.0909090909090909,0.0347826086956521,0.0473127384209288
gat,2024,fixed_0.5,0.5,test,48,471,36,0.32,0.4444444444444444,0.3720930232558139,0.3780548691374795
gat,2024,fixed_0.5,0.5,test,49,476,56,0.0847457627118644,0.0892857142857142,0.0869565217391304,0.1232788527396684
gcn,7,val_f1,0.73,val,-1,4687,920,0.8153526970954357,0.8543478260869565,0.8343949044585988,0.8657183859325536
gcn,7,val_f1,0.73,val,29,1174,329,0.8994082840236687,0.9240121580547112,0.9115442278860568,0.9310222505561476
gcn,7,val_f1,0.73,val,30,524,83,0.8045977011494253,0.8433734939759037,0.8235294117647058,0.920760192740996
gcn,7,val_f1,0.73,val,31,710,106,0.704,0.8301886792452831,0.7619047619047619,0.6928766393665639
gcn,7,val_f1,0.73,val,32,1323,342,0.8085714285714286,0.827485380116959,0.8179190751445087,0.8702903247946943
gcn,7,val_f1,0.73,val,33,441,23,0.6129032258064516,0.8260869565217391,0.7037037037037037,0.631703084779887
gcn,7,val_f1,0.73,val,34,515,37,0.6666666666666666,0.5945945945945946,0.6285714285714286,0.7508620097107075
gcn,7,val_f1,0.73,test,-1,16670,1083,0.6011111111111112,0.4995383194829178,0.5456379223398891,0.49938611103142
gcn,7,val_f1,0.73,test,35,1341,182,0.7900552486187845,0.7857142857142857,0.7878787878787878,0.879923726571473
gcn,7,val_f1,0.73,test,36,1708,33,0.1864406779661017,0.3333333333333333,0.2391304347826087,0.2117143946033105
gcn,7,val_f1,0.73,test,37,498,40,0.6363636363636364,0.525,0.5753424657534246,0.6200343792667476
gcn,7,val_f1,0.73,test,38,756,111,0.626984126984127,0.7117117117117117,0.6666666666666666,0.6773778688276668
gcn,7,val_f1,0.73,test,39,1183,81,0.5333333333333333,0.691358024691358,0.6021505376344086,0.4736928623896607
gcn,7,val_f1,0.73,test,40,1211,112,0.7333333333333333,0.3928571428571428,0.5116279069767442,0.5355433716136421
gcn,7,val_f1,0.73,test,41,1132,116,0.6363636363636364,0.4224137931034483,0.5077720207253886,0.5550083726022939
gcn,7,val_f1,0.73,test,42,2154,239,0.8203592814371258,0.5732217573221757,0.6748768472906403,0.7415401500527717
gcn,7,val_f1,0.73,test,43,1370,24,0.0,0.0,0.0,0.0273062669715389
gcn,7,val_f1,0.73,test,44,1591,24,0.0,0.0,0.0,0.0164141418189708
gcn,7,val_f1,0.73,test,45,1221,5,0.0,0.0,0.0,0.0093881834617446
gcn,7,val_f1,0.73,test,46,712,2,0.1428571428571428,0.5,0.2222222222222222,0.5161290322580645
gcn,7,val_f1,0.73,test,47,846,22,0.0,0.0,0.0,0.0525808584889475
gcn,7,val_f1,0.73,test,48,471,36,,0.0,0.0,0.3642924468366675
gcn,7,val_f1,0.73,test,49,476,56,0.0,0.0,0.0,0.1625197126567826
gcn,7,fixed_0.5,0.5,val,-1,4687,920,0.7219846022241232,0.917391304347826,0.8080421254188607,0.8657183859325536
gcn,7,fixed_0.5,0.5,val,29,1174,329,0.8144329896907216,0.96048632218845,0.8814504881450488,0.9310222505561476
gcn,7,fixed_0.5,0.5,val,30,524,83,0.6754385964912281,0.927710843373494,0.7817258883248731,0.920760192740996
gcn,7,fixed_0.5,0.5,val,31,710,106,0.6357615894039735,0.9056603773584906,0.7470817120622568,0.6928766393665639
gcn,7,fixed_0.5,0.5,val,32,1323,342,0.7357142857142858,0.9035087719298246,0.8110236220472441,0.8702903247946943
gcn,7,fixed_0.5,0.5,val,33,441,23,0.4222222222222222,0.8260869565217391,0.5588235294117647,0.631703084779887
gcn,7,fixed_0.5,0.5,val,34,515,37,0.5294117647058824,0.7297297297297297,0.6136363636363636,0.7508620097107075
gcn,7,fixed_0.5,0.5,test,-1,16670,1083,0.4913598797896318,0.6038781163434903,0.5418392709196355,0.49938611103142
gcn,7,fixed_0.5,0.5,test,35,1341,182,0.6762295081967213,0.9065934065934066,0.7746478873239436,0.879923726571473
gcn,7,fixed_0.5,0.5,test,36,1708,33,0.1801801801801801,0.6060606060606061,0.2777777777777778,0.2117143946033105
gcn,7,fixed_0.5,0.5,test,37,498,40,0.4782608695652174,0.55,0.5116279069767442,0.6200343792667476
gcn,7,fixed_0.5,0.5,test,38,756,111,0.4769230769230769,0.8378378378378378,0.6078431372549019,0.6773778688276668
gcn,7,fixed_0.5,0.5,test,39,1183,81,0.4335664335664335,0.7654320987654321,0.5535714285714286,0.4736928623896607
gcn,7,fixed_0.5,0.5,test,40,1211,112,0.5833333333333334,0.5,0.5384615384615384,0.5355433716136421
gcn,7,fixed_0.5,0.5,test,41,1132,116,0.5227272727272727,0.5948275862068966,0.5564516129032258,0.5550083726022939
gcn,7,fixed_0.5,0.5,test,42,2154,239,0.7614678899082569,0.694560669456067,0.7264770240700219,0.7415401500527717
gcn,7,fixed_0.5,0.5,test,43,1370,24,0.0,0.0,0.0,0.0273062669715389
gcn,7,fixed_0.5,0.5,test,44,1591,24,0.0,0.0,0.0,0.0164141418189708
gcn,7,fixed_0.5,0.5,test,45,1221,5,0.0,0.0,0.0,0.0093881834617446
gcn,7,fixed_0.5,0.5,test,46,712,2,0.0769230769230769,0.5,0.1333333333333333,0.5161290322580645
gcn,7,fixed_0.5,0.5,test,47,846,22,0.0,0.0,0.0,0.0525808584889475
gcn,7,fixed_0.5,0.5,test,48,471,36,0.0,0.0,0.0,0.3642924468366675
gcn,7,fixed_0.5,0.5,test,49,476,56,0.0,0.0,0.0,0.1625197126567826
sage,7,val_f1,0.7699999999999999,val,-1,4687,920,0.9246119733924612,0.9065217391304348,0.9154774972557628,0.9555941314279212
sage,7,val_f1,0.7699999999999999,val,29,1174,329,0.9746031746031746,0.933130699088146,0.953416149068323,0.9754032765548925
sage,7,val_f1,0.7699999999999999,val,30,524,83,0.872093023255814,0.9036144578313252,0.8875739644970414,0.92808984093087
sage,7,val_f1,0.7699999999999999,val,31,710,106,0.897196261682243,0.9056603773584906,0.9014084507042254,0.9366109204356564
sage,7,val_f1,0.7699999999999999,val,32,1323,342,0.945945945945946,0.9210526315789472,0.9333333333333332,0.9754334566593446
sage,7,val_f1,0.7699999999999999,val,33,441,23,0.7307692307692307,0.8260869565217391,0.7755102040816326,0.6889111763127735
sage,7,val_f1,0.7699999999999999,val,34,515,37,0.6285714285714286,0.5945945945945946,0.6111111111111112,0.7189793660220551
sage,7,val_f1,0.7699999999999999,test,-1,16670,1083,0.5013262599469496,0.5235457063711911,0.5121951219512195,0.4482285520852229
sage,7,val_f1,0.7699999999999999,test,35,1341,182,0.7198067632850241,0.8186813186813187,0.7660668380462725,0.8513380423061215
sage,7,val_f1,0.7699999999999999,test,36,1708,33,0.1941747572815534,0.6060606060606061,0.2941176470588235,0.1994017218372709
sage,7,val_f1,0.7699999999999999,test,37,498,40,0.425531914893617,0.5,0.4597701149425287,0.474176875409996
sage,7,val_f1,0.7699999999999999,test,38,756,111,0.4887640449438202,0.7837837837837838,0.6020761245674741,0.7041862300829654
sage,7,val_f1,0.7699999999999999,test,39,1183,81,0.4285714285714285,0.4074074074074074,0.4177215189873418,0.356429698778629
sage,7,val_f1,0.7699999999999999,test,40,1211,112,0.6025641025641025,0.4196428571428571,0.4947368421052631,0.4663822723041306
sage,7,val_f1,0.7699999999999999,test,41,1132,116,0.5045045045045045,0.4827586206896552,0.4933920704845815,0.4958216097303856
sage,7,val_f1,0.7699999999999999,test,42,2154,239,0.7536945812807881,0.6401673640167364,0.6923076923076923,0.6858326616521412
sage,7,val_f1,0.7699999999999999,test,43,1370,24,0.0,0.0,0.0,0.0334611085748537
sage,7,val_f1,0.7699999999999999,test,44,1591,24,0.0526315789473684,0.0416666666666666,0.0465116279069767,0.0217730852097537
sage,7,val_f1,0.7699999999999999,test,45,1221,5,0.0,0.0,0.0,0.0082815674609396
sage,7,val_f1,0.7699999999999999,test,46,712,2,0.1111111111111111,0.5,0.1818181818181818,0.2586206896551724
sage,7,val_f1,0.7699999999999999,test,47,846,22,0.0,0.0,0.0,0.0677797879556496
sage,7,val_f1,0.7699999999999999,test,48,471,36,0.0,0.0,0.0,0.2105251801489071
sage,7,val_f1,0.7699999999999999,test,49,476,56,0.0,0.0,0.0,0.0729538913045902
sage,7,fixed_0.5,0.5,val,-1,4687,920,0.8635907723169508,0.9358695652173912,0.8982785602503912,0.9555941314279212
sage,7,fixed_0.5,0.5,val,29,1174,329,0.9319526627218936,0.9574468085106383,0.944527736131934,0.9754032765548925
sage,7,fixed_0.5,0.5,val,30,524,83,0.7653061224489796,0.9036144578313252,0.8287292817679558,0.92808984093087
sage,7,fixed_0.5,0.5,val,31,710,106,0.8305084745762712,0.9245283018867924,0.875,0.9366109204356564
sage,7,fixed_0.5,0.5,val,32,1323,342,0.8986301369863013,0.95906432748538,0.9278642149929278,0.9754334566593446
sage,7,fixed_0.5,0.5,val,33,441,23,0.6785714285714286,0.8260869565217391,0.7450980392156863,0.6889111763127735
sage,7,fixed_0.5,0.5,val,34,515,37,0.52,0.7027027027027027,0.5977011494252874,0.7189793660220551
sage,7,fixed_0.5,0.5,test,-1,16670,1083,0.4501092498179169,0.5706371191135734,0.503257328990228,0.4482285520852229
sage,7,fixed_0.5,0.5,test,35,1341,182,0.6751054852320675,0.8791208791208791,0.7637231503579952,0.8513380423061215
sage,7,fixed_0.5,0.5,test,36,1708,33,0.1612903225806451,0.6060606060606061,0.2547770700636942,0.1994017218372709
sage,7,fixed_0.5,0.5,test,37,498,40,0.3442622950819672,0.525,0.4158415841584158,0.474176875409996
sage,7,fixed_0.5,0.5,test,38,756,111,0.465,0.8378378378378378,0.5980707395498392,0.7041862300829654
sage,7,fixed_0.5,0.5,test,39,1183,81,0.3645833333333333,0.4320987654320987,0.3954802259887006,0.356429698778629
sage,7,fixed_0.5,0.5,test,40,1211,112,0.5376344086021505,0.4464285714285714,0.4878048780487805,0.4663822723041306
sage,7,fixed_0.5,0.5,test,41,1132,116,0.4558823529411764,0.5344827586206896,0.492063492063492,0.4958216097303856
sage,7,fixed_0.5,0.5,test,42,2154,239,0.7361702127659574,0.7238493723849372,0.729957805907173,0.6858326616521412
sage,7,fixed_0.5,0.5,test,43,1370,24,0.0,0.0,0.0,0.0334611085748537
sage,7,fixed_0.5,0.5,test,44,1591,24,0.0303030303030303,0.0416666666666666,0.0350877192982456,0.0217730852097537
sage,7,fixed_0.5,0.5,test,45,1221,5,0.0,0.0,0.0,0.0082815674609396
sage,7,fixed_0.5,0.5,test,46,712,2,0.0714285714285714,0.5,0.125,0.2586206896551724
sage,7,fixed_0.5,0.5,test,47,846,22,0.0,0.0,0.0,0.0677797879556496
sage,7,fixed_0.5,0.5,test,48,471,36,0.1111111111111111,0.0277777777777777,0.0444444444444444,0.2105251801489071
sage,7,fixed_0.5,0.5,test,49,476,56,0.024390243902439,0.0178571428571428,0.0206185567010309,0.0729538913045902
gat,7,val_f1,0.82,val,-1,4687,920,0.8730684326710817,0.8597826086956522,0.8663745892661555,0.9279004472977372
gat,7,val_f1,0.82,val,29,1174,329,0.8963414634146342,0.8936170212765957,0.8949771689497716,0.9538091849070304
gat,7,val_f1,0.82,val,30,524,83,0.88,0.7951807228915663,0.8354430379746836,0.9059392339711826
gat,7,val_f1,0.82,val,31,710,106,0.8425925925925926,0.8584905660377359,0.8504672897196262,0.899232784582576
gat,7,val_f1,0.82,val,32,1323,342,0.9085365853658536,0.8713450292397661,0.8895522388059701,0.9550612372013456
gat,7,val_f1,0.82,val,33,441,23,0.6785714285714286,0.8260869565217391,0.7450980392156863,0.6083917986345371
gat,7,val_f1,0.82,val,34,515,37,0.5897435897435898,0.6216216216216216,0.6052631578947368,0.710772703245207
gat,7,val_f1,0.82,test,-1,16670,1083,0.5916760404949382,0.4856879039704525,0.5334685598377282,0.538338278807905
gat,7,val_f1,0.82,test,35,1341,182,0.8713450292397661,0.8186813186813187,0.8441926345609065,0.904741610492306
gat,7,val_f1,0.82,test,36,1708,33,0.2,0.5151515151515151,0.288135593220339,0.281077232199877
gat,7,val_f1,0.82,test,37,498,40,0.4782608695652174,0.55,0.5116279069767442,0.6576856223872215
gat,7,val_f1,0.82,test,38,756,111,0.492063492063492,0.5585585585585585,0.5232067510548524,0.5657199261743819
gat,7,val_f1,0.82,test,39,1183,81,0.6086956521739131,0.345679012345679,0.4409448818897638,0.4002277331498357
gat,7,val_f1,0.82,test,40,1211,112,0.7428571428571429,0.4642857142857143,0.5714285714285714,0.5993140675775801
gat,7,val_f1,0.82,test,41,1132,116,0.4567901234567901,0.3189655172413793,0.3756345177664975,0.3664789918953361
gat,7,val_f1,0.82,test,42,2154,239,0.8397790055248618,0.6359832635983264,0.7238095238095238,0.8023104363673155
gat,7,val_f1,0.82,test,43,1370,24,0.0,0.0,0.0,0.0600221212211223
gat,7,val_f1,0.82,test,44,1591,24,0.08,0.0833333333333333,0.0816326530612244,0.0288484245485076
gat,7,val_f1,0.82,test,45,1221,5,0.0,0.0,0.0,0.0182358189674983
gat,7,val_f1,0.82,test,46,712,2,0.0833333333333333,0.5,0.1428571428571428,0.509090909090909
gat,7,val_f1,0.82,test,47,846,22,0.0,0.0,0.0,0.0574921572947306
gat,7,val_f1,0.82,test,48,471,36,0.8,0.1111111111111111,0.1951219512195122,0.3623931923791348
gat,7,val_f1,0.82,test,49,476,56,0.0,0.0,0.0,0.1047141393021189
gat,7,fixed_0.5,0.5,val,-1,4687,920,0.7502198768689534,0.9271739130434784,0.8293631502187652,0.9279004472977372
gat,7,fixed_0.5,0.5,val,29,1174,329,0.8201058201058201,0.9422492401215804,0.8769448373408769,0.9538091849070304
gat,7,fixed_0.5,0.5,val,30,524,83,0.6788990825688074,0.891566265060241,0.7708333333333334,0.9059392339711826
gat,7,fixed_0.5,0.5,val,31,710,106,0.676056338028169,0.9056603773584906,0.7741935483870968,0.899232784582576
gat,7,fixed_0.5,0.5,val,32,1323,342,0.7836538461538461,0.953216374269006,0.8601583113456465,0.9550612372013456
gat,7,fixed_0.5,0.5,val,33,441,23,0.5277777777777778,0.8260869565217391,0.6440677966101694,0.6083917986345371
gat,7,fixed_0.5,0.5,val,34,515,37,0.5,0.7567567567567568,0.6021505376344086,0.710772703245207
gat,7,fixed_0.5,0.5,test,-1,16670,1083,0.4262295081967213,0.5521698984302862,0.4810941271118262,0.538338278807905
gat,7,fixed_0.5,0.5,test,35,1341,182,0.6356589147286822,0.9010989010989012,0.7454545454545455,0.904741610492306
gat,7,fixed_0.5,0.5,test,36,1708,33,0.1557377049180328,0.5757575757575758,0.2451612903225806,0.281077232199877
gat,7,fixed_0.5,0.5,test,37,498,40,0.3823529411764705,0.65,0.4814814814814814,0.6576856223872215
gat,7,fixed_0.5,0.5,test,38,756,111,0.3888888888888889,0.6306306306306306,0.4810996563573883,0.5657199261743819
gat,7,fixed_0.5,0.5,test,39,1183,81,0.4285714285714285,0.4074074074074074,0.4177215189873418,0.4002277331498357
gat,7,fixed_0.5,0.5,test,40,1211,112,0.5,0.5267857142857143,0.5130434782608696,0.5993140675775801
gat,7,fixed_0.5,0.5,test,41,1132,116,0.3435114503816794,0.3879310344827586,0.3643724696356275,0.3664789918953361
gat,7,fixed_0.5,0.5,test,42,2154,239,0.6809338521400778,0.7322175732217573,0.7056451612903226,0.8023104363673155
gat,7,fixed_0.5,0.5,test,43,1370,24,0.0,0.0,0.0,0.0600221212211223
gat,7,fixed_0.5,0.5,test,44,1591,24,0.0285714285714285,0.0833333333333333,0.0425531914893617,0.0288484245485076
gat,7,fixed_0.5,0.5,test,45,1221,5,0.0,0.0,0.0,0.0182358189674983
gat,7,fixed_0.5,0.5,test,46,712,2,0.04,0.5,0.074074074074074,0.509090909090909
gat,7,fixed_0.5,0.5,test,47,846,22,0.0,0.0,0.0,0.0574921572947306
gat,7,fixed_0.5,0.5,test,48,471,36,0.4444444444444444,0.1111111111111111,0.1777777777777777,0.3623931923791348
gat,7,fixed_0.5,0.5,test,49,476,56,0.0,0.0,0.0,0.1047141393021189
gcn,11,val_f1,0.7699999999999999,val,-1,4687,920,0.8433476394849786,0.8543478260869565,0.8488120950323974,0.8662303638133986
gcn,11,val_f1,0.7699999999999999,val,29,1174,329,0.9074626865671642,0.9240121580547112,0.9156626506024096,0.932547680608114
gcn,11,val_f1,0.7699999999999999,val,30,524,83,0.9166666666666666,0.7951807228915663,0.8516129032258064,0.9302503224945744
gcn,11,val_f1,0.7699999999999999,val,31,710,106,0.7058823529411765,0.7924528301886793,0.7466666666666667,0.725913448663532
gcn,11,val_f1,0.7699999999999999,val,32,1323,342,0.8521739130434782,0.8596491228070176,0.8558951965065502,0.8973946480998358
gcn,11,val_f1,0.7699999999999999,val,33,441,23,0.5757575757575758,0.8260869565217391,0.6785714285714286,0.5400145657545973
gcn,11,val_f1,0.7699999999999999,val,34,515,37,0.6785714285714286,0.5135135135135135,0.5846153846153846,0.68621171843554
gcn,11,val_f1,0.7699999999999999,test,-1,16670,1083,0.4810246679316888,0.4681440443213296,0.474496958352831,0.388916794454018
gcn,11,val_f1,0.7699999999999999,test,35,1341,182,0.717391304347826,0.7252747252747253,0.7213114754098361,0.7879303797306192
gcn,11,val_f1,0.7699999999999999,test,36,1708,33,0.1604938271604938,0.3939393939393939,0.2280701754385964,0.1975461494941906
gcn,11,val_f1,0.7699999999999999,test,37,498,40,0.4285714285714285,0.525,0.4719101123595505,0.5345679864446403
gcn,11,val_f1,0.7699999999999999,test,38,756,111,0.4319526627218935,0.6576576576576577,0.5214285714285715,0.5310386149861175
gcn,11,val_f1,0.7699999999999999,test,39,1183,81,0.495049504950495,0.6172839506172839,0.5494505494505495,0.443233428265305
gcn,11,val_f1,0.7699999999999999,test,40,1211,112,0.5942028985507246,0.3660714285714285,0.4530386740331492,0.4499157603697155
gcn,11,val_f1,0.7699999999999999,test,41,1132,116,0.4651162790697674,0.3448275862068966,0.396039603960396,0.4243262014895514
gcn,11,val_f1,0.7699999999999999,test,42,2154,239,0.7272727272727273,0.5690376569037657,0.6384976525821596,0.6227124778971443
gcn,11,val_f1,0.7699999999999999,test,43,1370,24,0.0,0.0,0.0,0.0232450351420999
gcn,11,val_f1,0.7699999999999999,test,44,1591,24,0.0,0.0,0.0,0.015656928708175
gcn,11,val_f1,0.7699999999999999,test,45,1221,5,0.0,0.0,0.0,0.0085588755527216
gcn,11,val_f1,0.7699999999999999,test,46,712,2,0.1111111111111111,0.5,0.1818181818181818,0.2597087378640776
gcn,11,val_f1,0.7699999999999999,test,47,846,22,0.0,0.0,0.0,0.0354594179399367
gcn,11,val_f1,0.7699999999999999,test,48,471,36,,0.0,0.0,0.265001379000192
gcn,11,val_f1,0.7699999999999999,test,49,476,56,0.0,0.0,0.0,0.1478521471312978
gcn,11,fixed_0.5,0.5,val,-1,4687,920,0.7175188600167645,0.9304347826086956,0.8102224325603408,0.8662303638133986
gcn,11,fixed_0.5,0.5,val,29,1174,329,0.8268733850129198,0.972644376899696,0.8938547486033519,0.932547680608114
gcn,11,fixed_0.5,0.5,val,30,524,83,0.6842105263157895,0.9397590361445785,0.7918781725888325,0.9302503224945744
gcn,11,fixed_0.5,0.5,val,31,710,106,0.5773809523809523,0.9150943396226416,0.708029197080292,0.725913448663532
gcn,11,fixed_0.5,0.5,val,32,1323,342,0.7367205542725174,0.932748538011696,0.8232258064516129,0.8973946480998358
gcn,11,fixed_0.5,0.5,val,33,441,23,0.4375,0.9130434782608696,0.5915492957746479,0.5400145657545973
gcn,11,fixed_0.5,0.5,val,34,515,37,0.4883720930232558,0.5675675675675675,0.525,0.68621171843554
gcn,11,fixed_0.5,0.5,test,-1,16670,1083,0.4008810572687225,0.5881809787626963,0.4767964071856287,0.388916794454018
gcn,11,fixed_0.5,0.5,test,35,1341,182,0.6307692307692307,0.9010989010989012,0.7420814479638009,0.7879303797306192
gcn,11,fixed_0.5,0.5,test,36,1708,33,0.144927536231884,0.6060606060606061,0.2339181286549707,0.1975461494941906
gcn,11,fixed_0.5,0.5,test,37,498,40,0.3552631578947368,0.675,0.4655172413793103,0.5345679864446403
gcn,11,fixed_0.5,0.5,test,38,756,111,0.3938053097345133,0.8018018018018018,0.5281899109792285,0.5310386149861175
gcn,11,fixed_0.5,0.5,test,39,1183,81,0.38,0.7037037037037037,0.4935064935064935,0.443233428265305
gcn,11,fixed_0.5,0.5,test,40,1211,112,0.4453781512605042,0.4732142857142857,0.4588744588744589,0.4499157603697155
gcn,11,fixed_0.5,0.5,test,41,1132,116,0.4214285714285714,0.5086206896551724,0.4609375,0.4243262014895514
gcn,11,fixed_0.5,0.5,test,42,2154,239,0.64453125,0.6903765690376569,0.6666666666666666,0.6227124778971443
gcn,11,fixed_0.5,0.5,test,43,1370,24,0.010204081632653,0.0416666666666666,0.0163934426229508,0.0232450351420999
gcn,11,fixed_0.5,0.5,test,44,1591,24,0.0,0.0,0.0,0.015656928708175
gcn,11,fixed_0.5,0.5,test,45,1221,5,0.0,0.0,0.0,0.0085588755527216
gcn,11,fixed_0.5,0.5,test,46,712,2,0.0526315789473684,0.5,0.0952380952380952,0.2597087378640776
gcn,11,fixed_0.5,0.5,test,47,846,22,0.0,0.0,0.0,0.0354594179399367
gcn,11,fixed_0.5,0.5,test,48,471,36,0.25,0.0277777777777777,0.05,0.265001379000192
gcn,11,fixed_0.5,0.5,test,49,476,56,0.0,0.0,0.0,0.1478521471312978
sage,11,val_f1,0.4999999999999999,val,-1,4687,920,0.934589800443459,0.9163043478260868,0.9253567508232712,0.964744279172638
sage,11,val_f1,0.4999999999999999,val,29,1174,329,0.9571865443425076,0.9513677811550152,0.9542682926829268,0.9821929755375703
sage,11,val_f1,0.4999999999999999,val,30,524,83,0.9069767441860463,0.9397590361445785,0.9230769230769232,0.939516538594561
sage,11,val_f1,0.4999999999999999,val,31,710,106,0.8867924528301887,0.8867924528301887,0.8867924528301887,0.951359677536528
sage,11,val_f1,0.4999999999999999,val,32,1323,342,0.9574468085106383,0.9210526315789472,0.9388971684053652,0.9790577346072418
sage,11,val_f1,0.4999999999999999,val,33,441,23,0.8260869565217391,0.8260869565217391,0.8260869565217391,0.7336055020607609
sage,11,val_f1,0.4999999999999999,val,34,515,37,0.7741935483870968,0.6486486486486487,0.7058823529411765,0.823182216197816
sage,11,val_f1,0.4999999999999999,test,-1,16670,1083,0.6075156576200418,0.5373961218836565,0.5703086722195002,0.5377082571160084
sage,11,val_f1,0.4999999999999999,test,35,1341,182,0.8296703296703297,0.8296703296703297,0.8296703296703297,0.9104758934041856
sage,11,val_f1,0.4999999999999999,test,36,1708,33,0.2127659574468085,0.6060606060606061,0.3149606299212598,0.2886660016261926
sage,11,val_f1,0.4999999999999999,test,37,498,40,0.6060606060606061,0.5,0.547945205479452,0.5894508610537117
sage,11,val_f1,0.4999999999999999,test,38,756,111,0.6054421768707483,0.8018018018018018,0.689922480620155,0.8008659304208549
sage,11,val_f1,0.4999999999999999,test,39,1183,81,0.6,0.4814814814814814,0.5342465753424658,0.4547024953591523
sage,11,val_f1,0.4999999999999999,test,40,1211,112,0.7066666666666667,0.4732142857142857,0.5668449197860963,0.5649279430053362
sage,11,val_f1,0.4999999999999999,test,41,1132,116,0.5959595959595959,0.5086206896551724,0.5488372093023256,0.6073907416934299
sage,11,val_f1,0.4999999999999999,test,42,2154,239,0.8142076502732241,0.6234309623430963,0.7061611374407583,0.7659782790289726
sage,11,val_f1,0.4999999999999999,test,43,1370,24,0.0,0.0,0.0,0.0368154511471967
sage,11,val_f1,0.4999999999999999,test,44,1591,24,0.1111111111111111,0.0416666666666666,0.0606060606060606,0.0320432186444758
sage,11,val_f1,0.4999999999999999,test,45,1221,5,0.0,0.0,0.0,0.014332126267801
sage,11,val_f1,0.4999999999999999,test,46,712,2,0.0,0.0,0.0,0.0055484421681604
sage,11,val_f1,0.4999999999999999,test,47,846,22,0.0,0.0,0.0,0.0647944064453541
sage,11,val_f1,0.4999999999999999,test,48,471,36,,0.0,0.0,0.2100075604167196
sage,11,val_f1,0.4999999999999999,test,49,476,56,0.0833333333333333,0.0178571428571428,0.0294117647058823,0.0960167440410576
sage,11,fixed_0.5,0.5,val,-1,4687,920,0.934589800443459,0.9163043478260868,0.9253567508232712,0.964744279172638
sage,11,fixed_0.5,0.5,val,29,1174,329,0.9571865443425076,0.9513677811550152,0.9542682926829268,0.9821929755375703
sage,11,fixed_0.5,0.5,val,30,524,83,0.9069767441860463,0.9397590361445785,0.9230769230769232,0.939516538594561
sage,11,fixed_0.5,0.5,val,31,710,106,0.8867924528301887,0.8867924528301887,0.8867924528301887,0.951359677536528
sage,11,fixed_0.5,0.5,val,32,1323,342,0.9574468085106383,0.9210526315789472,0.9388971684053652,0.9790577346072418
sage,11,fixed_0.5,0.5,val,33,441,23,0.8260869565217391,0.8260869565217391,0.8260869565217391,0.7336055020607609
sage,11,fixed_0.5,0.5,val,34,515,37,0.7741935483870968,0.6486486486486487,0.7058823529411765,0.823182216197816
sage,11,fixed_0.5,0.5,test,-1,16670,1083,0.6075156576200418,0.5373961218836565,0.5703086722195002,0.5377082571160084
sage,11,fixed_0.5,0.5,test,35,1341,182,0.8296703296703297,0.8296703296703297,0.8296703296703297,0.9104758934041856
sage,11,fixed_0.5,0.5,test,36,1708,33,0.2127659574468085,0.6060606060606061,0.3149606299212598,0.2886660016261926
sage,11,fixed_0.5,0.5,test,37,498,40,0.6060606060606061,0.5,0.547945205479452,0.5894508610537117
sage,11,fixed_0.5,0.5,test,38,756,111,0.6054421768707483,0.8018018018018018,0.689922480620155,0.8008659304208549
sage,11,fixed_0.5,0.5,test,39,1183,81,0.6,0.4814814814814814,0.5342465753424658,0.4547024953591523
sage,11,fixed_0.5,0.5,test,40,1211,112,0.7066666666666667,0.4732142857142857,0.5668449197860963,0.5649279430053362
sage,11,fixed_0.5,0.5,test,41,1132,116,0.5959595959595959,0.5086206896551724,0.5488372093023256,0.6073907416934299
sage,11,fixed_0.5,0.5,test,42,2154,239,0.8142076502732241,0.6234309623430963,0.7061611374407583,0.7659782790289726
sage,11,fixed_0.5,0.5,test,43,1370,24,0.0,0.0,0.0,0.0368154511471967
sage,11,fixed_0.5,0.5,test,44,1591,24,0.1111111111111111,0.0416666666666666,0.0606060606060606,0.0320432186444758
sage,11,fixed_0.5,0.5,test,45,1221,5,0.0,0.0,0.0,0.014332126267801
sage,11,fixed_0.5,0.5,test,46,712,2,0.0,0.0,0.0,0.0055484421681604
sage,11,fixed_0.5,0.5,test,47,846,22,0.0,0.0,0.0,0.0647944064453541
sage,11,fixed_0.5,0.5,test,48,471,36,,0.0,0.0,0.2100075604167196
sage,11,fixed_0.5,0.5,test,49,476,56,0.0833333333333333,0.0178571428571428,0.0294117647058823,0.0960167440410576
gat,11,val_f1,0.8099999999999999,val,-1,4687,920,0.8742921857304643,0.8391304347826087,0.8563505268996118,0.9176871302173106
gat,11,val_f1,0.8099999999999999,val,29,1174,329,0.9294478527607362,0.9209726443768996,0.9251908396946564,0.9503014859508896
gat,11,val_f1,0.8099999999999999,val,30,524,83,0.875,0.7590361445783133,0.8129032258064516,0.8879186803595714
gat,11,val_f1,0.8099999999999999,val,31,710,106,0.8645833333333334,0.7830188679245284,0.8217821782178217,0.875128840677692
gat,11,val_f1,0.8099999999999999,val,32,1323,342,0.8666666666666667,0.8362573099415205,0.8511904761904762,0.9243672396627696
gat,11,val_f1,0.8099999999999999,val,33,441,23,0.68,0.7391304347826086,0.7083333333333334,0.6876347973524052
gat,11,val_f1,0.8099999999999999,val,34,515,37,0.5882352941176471,0.5405405405405406,0.5633802816901409,0.7011765632955738
gat,11,val_f1,0.8099999999999999,test,-1,16670,1083,0.5183044315992292,0.4967682363804247,0.5073078736445074,0.4630329872245042
gat,11,val_f1,0.8099999999999999,test,35,1341,182,0.7853403141361257,0.8241758241758241,0.8042895442359249,0.8968297591600797
gat,11,val_f1,0.8099999999999999,test,36,1708,33,0.1770833333333333,0.5151515151515151,0.2635658914728682,0.217361265080931
gat,11,val_f1,0.8099999999999999,test,37,498,40,0.4444444444444444,0.5,0.4705882352941176,0.5037165228148468
gat,11,val_f1,0.8099999999999999,test,38,756,111,0.3986928104575163,0.5495495495495496,0.4621212121212121,0.5182652961209134
gat,11,val_f1,0.8099999999999999,test,39,1183,81,0.4578313253012048,0.4691358024691358,0.4634146341463415,0.4383831802312515
gat,11,val_f1,0.8099999999999999,test,40,1211,112,0.6309523809523809,0.4732142857142857,0.5408163265306123,0.5454250265173844
gat,11,val_f1,0.8099999999999999,test,41,1132,116,0.4857142857142857,0.4396551724137931,0.4615384615384615,0.4222194229764264
gat,11,val_f1,0.8099999999999999,test,42,2154,239,0.735,0.6150627615062761,0.6697038724373576,0.6402958509770906
gat,11,val_f1,0.8099999999999999,test,43,1370,24,0.0,0.0,0.0,0.0232989961741534
gat,11,val_f1,0.8099999999999999,test,44,1591,24,0.0,0.0,0.0,0.0129193508593022
gat,11,val_f1,0.8099999999999999,test,45,1221,5,0.0,0.0,0.0,0.0113568099819718
gat,11,val_f1,0.8099999999999999,test,46,712,2,0.0,0.0,0.0,0.008704485075793
gat,11,val_f1,0.8099999999999999,test,47,846,22,0.0,0.0,0.0,0.0341679679309455
gat,11,val_f1,0.8099999999999999,test,48,471,36,0.3333333333333333,0.0277777777777777,0.0512820512820512,0.2778148550882678
gat,11,val_f1,0.8099999999999999,test,49,476,56,0.0,0.0,0.0,0.1119972914864408
gat,11,fixed_0.5,0.5,val,-1,4687,920,0.7908745247148289,0.9043478260869564,0.8438133874239351,0.9176871302173106
gat,11,fixed_0.5,0.5,val,29,1174,329,0.8795518207282913,0.9544072948328268,0.9154518950437318,0.9503014859508896
gat,11,fixed_0.5,0.5,val,30,524,83,0.7368421052631579,0.8433734939759037,0.7865168539325843,0.8879186803595714
gat,11,fixed_0.5,0.5,val,31,710,106,0.7711864406779662,0.8584905660377359,0.8125,0.875128840677692
gat,11,fixed_0.5,0.5,val,32,1323,342,0.7805486284289277,0.9152046783625732,0.8425302826379543,0.9243672396627696
gat,11,fixed_0.5,0.5,val,33,441,23,0.6206896551724138,0.782608695652174,0.6923076923076923,0.6876347973524052
gat,11,fixed_0.5,0.5,val,34,515,37,0.5,0.7027027027027027,0.5842696629213483,0.7011765632955738
gat,11,fixed_0.5,0.5,test,-1,16670,1083,0.4267123287671233,0.5752539242843951,0.4899724734565474,0.4630329872245042
gat,11,fixed_0.5,0.5,test,35,1341,182,0.6733870967741935,0.9175824175824177,0.7767441860465116,0.8968297591600797
gat,11,fixed_0.5,0.5,test,36,1708,33,0.1764705882352941,0.7272727272727273,0.2840236686390532,0.217361265080931
gat,11,fixed_0.5,0.5,test,37,498,40,0.3548387096774194,0.55,0.4313725490196078,0.5037165228148468
gat,11,fixed_0.5,0.5,test,38,756,111,0.38,0.6846846846846847,0.4887459807073955,0.5182652961209134
gat,11,fixed_0.5,0.5,test,39,1183,81,0.3666666666666666,0.5432098765432098,0.4378109452736318,0.4383831802312515
gat,11,fixed_0.5,0.5,test,40,1211,112,0.5041322314049587,0.5446428571428571,0.5236051502145923,0.5454250265173844
gat,11,fixed_0.5,0.5,test,41,1132,116,0.4090909090909091,0.5431034482758621,0.4666666666666667,0.4222194229764264
gat,11,fixed_0.5,0.5,test,42,2154,239,0.6680161943319838,0.6903765690376569,0.6790123456790124,0.6402958509770906
gat,11,fixed_0.5,0.5,test,43,1370,24,0.0,0.0,0.0,0.0232989961741534
gat,11,fixed_0.5,0.5,test,44,1591,24,0.0,0.0,0.0,0.0129193508593022
gat,11,fixed_0.5,0.5,test,45,1221,5,0.0,0.0,0.0,0.0113568099819718
gat,11,fixed_0.5,0.5,test,46,712,2,0.0,0.0,0.0,0.008704485075793
gat,11,fixed_0.5,0.5,test,47,846,22,0.0,0.0,0.0,0.0341679679309455
gat,11,fixed_0.5,0.5,test,48,471,36,0.25,0.0277777777777777,0.05,0.2778148550882678
gat,11,fixed_0.5,0.5,test,49,476,56,0.0,0.0,0.0,0.1119972914864408
gcn_local,42,val_f1,0.8099999999999999,val,-1,4687,920,0.7157502329916123,0.8347826086956521,0.7706974410436528,0.8523353739302465
gcn_local,42,val_f1,0.8099999999999999,val,29,1174,329,0.8379120879120879,0.9270516717325228,0.8802308802308803,0.9587711813617088
gcn_local,42,val_f1,0.8099999999999999,val,30,524,83,0.7362637362637363,0.8072289156626506,0.7701149425287356,0.85097884563506
gcn_local,42,val_f1,0.8099999999999999,val,31,710,106,0.6578947368421053,0.4716981132075472,0.5494505494505495,0.687041469266595
gcn_local,42,val_f1,0.8099999999999999,val,32,1323,342,0.679814385150812,0.8567251461988304,0.7580853816300129,0.8108119720033862
gcn_local,42,val_f1,0.8099999999999999,val,33,441,23,0.5121951219512195,0.9130434782608696,0.65625,0.8562602446036945
gcn_local,42,val_f1,0.8099999999999999,val,34,515,37,0.4571428571428571,0.8648648648648649,0.5981308411214953,0.6674201043682688
gcn_local,42,val_f1,0.8099999999999999,test,-1,16670,1083,0.224222086638194,0.6786703601108033,0.3370786516853932,0.2831437188694165
gcn_local,42,val_f1,0.8099999999999999,test,35,1341,182,0.611336032388664,0.8296703296703297,0.703962703962704,0.7637247396986294
gcn_local,42,val_f1,0.8099999999999999,test,36,1708,33,0.0455445544554455,0.696969696969697,0.0855018587360594,0.0480915713693074
gcn_local,42,val_f1,0.8099999999999999,test,37,498,40,0.2631578947368421,0.625,0.3703703703703703,0.3576196429691049
gcn_local,42,val_f1,0.8099999999999999,test,38,756,111,0.532608695652174,0.8828828828828829,0.6644067796610169,0.6864532987490447
gcn_local,42,val_f1,0.8099999999999999,test,39,1183,81,0.3125,0.8024691358024691,0.4498269896193771,0.4908732443639004
gcn_local,42,val_f1,0.8099999999999999,test,40,1211,112,0.3031358885017421,0.7767857142857143,0.4360902255639097,0.4512274778089895
gcn_local,42,val_f1,0.8099999999999999,test,41,1132,116,0.3379629629629629,0.6293103448275862,0.4397590361445783,0.4512562813158754
gcn_local,42,val_f1,0.8099999999999999,test,42,2154,239,0.5355191256830601,0.8200836820083682,0.6479338842975206,0.6772638806617856
gcn_local,42,val_f1,0.8099999999999999,test,43,1370,24,0.0092378752886836,0.1666666666666666,0.0175054704595186,0.0167493483212908
gcn_local,42,val_f1,0.8099999999999999,test,44,1591,24,0.0171919770773638,0.25,0.032171581769437,0.0680517099615592
gcn_local,42,val_f1,0.8099999999999999,test,45,1221,5,0.027027027027027,0.6,0.0517241379310344,0.0267739371656163
gcn_local,42,val_f1,0.8099999999999999,test,46,712,2,0.0,0.0,0.0,0.004422708724995
gcn_local,42,val_f1,0.8099999999999999,test,47,846,22,0.0097087378640776,0.0454545454545454,0.016,0.0318591741681942
gcn_local,42,val_f1,0.8099999999999999,test,48,471,36,0.0,0.0,0.0,0.1085368157952082
gcn_local,42,val_f1,0.8099999999999999,test,49,476,56,0.1,0.0535714285714285,0.0697674418604651,0.1962340861992776
gcn_local,42,fixed_0.5,0.5,val,-1,4687,920,0.5255562236921226,0.95,0.6767324816105303,0.8523353739302465
gcn_local,42,fixed_0.5,0.5,val,29,1174,329,0.6919739696312365,0.9696048632218844,0.8075949367088607,0.9587711813617088
gcn_local,42,fixed_0.5,0.5,val,30,524,83,0.5231788079470199,0.9518072289156626,0.6752136752136753,0.85097884563506
gcn_local,42,fixed_0.5,0.5,val,31,710,106,0.4835164835164835,0.8301886792452831,0.6111111111111112,0.687041469266595
gcn_local,42,fixed_0.5,0.5,val,32,1323,342,0.5099846390168971,0.9707602339181286,0.6686807653575025,0.8108119720033862
gcn_local,42,fixed_0.5,0.5,val,33,441,23,0.2692307692307692,0.9130434782608696,0.4158415841584158,0.8562602446036945
gcn_local,42,fixed_0.5,0.5,val,34,515,37,0.25,0.945945945945946,0.3954802259887006,0.6674201043682688
gcn_local,42,fixed_0.5,0.5,test,-1,16670,1083,0.146080561591175,0.8070175438596491,0.2473818284743843,0.2831437188694165
gcn_local,42,fixed_0.5,0.5,test,35,1341,182,0.3761061946902654,0.934065934065934,0.5362776025236593,0.7637247396986294
gcn_local,42,fixed_0.5,0.5,test,36,1708,33,0.0337601862630966,0.8787878787878788,0.0650224215246636,0.0480915713693074
gcn_local,42,fixed_0.5,0.5,test,37,498,40,0.1590909090909091,0.7,0.2592592592592592,0.3576196429691049
gcn_local,42,fixed_0.5,0.5,test,38,756,111,0.3466666666666667,0.9369369369369368,0.5060827250608273,0.6864532987490447
gcn_local,42,fixed_0.5,0.5,test,39,1183,81,0.2361963190184049,0.9506172839506172,0.3783783783783784,0.4908732443639004
gcn_local,42,fixed_0.5,0.5,test,40,1211,112,0.1906614785992217,0.875,0.3130990415335463,0.4512274778089895
gcn_local,42,fixed_0.5,0.5,test,41,1132,116,0.2109004739336493,0.7672413793103449,0.3308550185873606,0.4512562813158754
gcn_local,42,fixed_0.5,0.5,test,42,2154,239,0.3477564102564102,0.9079497907949792,0.5028968713789108,0.6772638806617856
gcn_local,42,fixed_0.5,0.5,test,43,1370,24,0.0185449358059914,0.5416666666666666,0.0358620689655172,0.0167493483212908
gcn_local,42,fixed_0.5,0.5,test,44,1591,24,0.0206489675516224,0.5833333333333334,0.0398860398860398,0.0680517099615592
gcn_local,42,fixed_0.5,0.5,test,45,1221,5,0.0124223602484472,0.8,0.0244648318042813,0.0267739371656163
gcn_local,42,fixed_0.5,0.5,test,46,712,2,0.005813953488372,0.5,0.0114942528735632,0.004422708724995
gcn_local,42,fixed_0.5,0.5,test,47,846,22,0.0355731225296442,0.4090909090909091,0.0654545454545454,0.0318591741681942
gcn_local,42,fixed_0.5,0.5,test,48,471,36,0.0481927710843373,0.1111111111111111,0.0672268907563025,0.1085368157952082
gcn_local,42,fixed_0.5,0.5,test,49,476,56,0.1683168316831683,0.3035714285714285,0.2165605095541401,0.1962340861992776
sage_local,42,val_f1,0.8499999999999999,val,-1,4687,920,0.8572884811416922,0.9141304347826088,0.884797475013151,0.9346000339941608
sage_local,42,val_f1,0.8499999999999999,val,29,1174,329,0.9525316455696202,0.9148936170212766,0.9333333333333332,0.9796996308685209
sage_local,42,val_f1,0.8499999999999999,val,30,524,83,0.7916666666666666,0.9156626506024096,0.8491620111731844,0.8346890761113704
sage_local,42,val_f1,0.8499999999999999,val,31,710,106,0.8521739130434782,0.9245283018867924,0.8868778280542986,0.8720332485801335
sage_local,42,val_f1,0.8499999999999999,val,32,1323,342,0.8670212765957447,0.953216374269006,0.9080779944289692,0.963680709394337
sage_local,42,val_f1,0.8499999999999999,val,33,441,23,0.5185185185185185,0.6086956521739131,0.56,0.4567436076089581
sage_local,42,val_f1,0.8499999999999999,val,34,515,37,0.5098039215686274,0.7027027027027027,0.5909090909090909,0.7366639734295475
sage_local,42,val_f1,0.8499999999999999,test,-1,16670,1083,0.3912543153049482,0.6278855032317636,0.4820985466146756,0.390399027495635
sage_local,42,val_f1,0.8499999999999999,test,35,1341,182,0.7684729064039408,0.8571428571428571,0.8103896103896104,0.8696250403622509
sage_local,42,val_f1,0.8499999999999999,test,36,1708,33,0.2395833333333333,0.696969696969697,0.3565891472868217,0.4703474201440824
sage_local,42,val_f1,0.8499999999999999,test,37,498,40,0.7037037037037037,0.475,0.5671641791044776,0.5996078424900605
sage_local,42,val_f1,0.8499999999999999,test,38,756,111,0.7401574803149606,0.8468468468468469,0.7899159663865546,0.8277009185108369
sage_local,42,val_f1,0.8499999999999999,test,39,1183,81,0.3795620437956204,0.6419753086419753,0.4770642201834862,0.5583740849467287
sage_local,42,val_f1,0.8499999999999999,test,40,1211,112,0.3976608187134502,0.6071428571428571,0.4805653710247349,0.5807226817220688
sage_local,42,val_f1,0.8499999999999999,test,41,1132,116,0.5310344827586206,0.6637931034482759,0.5900383141762452,0.6238646689375684
sage_local,42,val_f1,0.8499999999999999,test,42,2154,239,0.72265625,0.7740585774058577,0.7474747474747475,0.8370778722338165
sage_local,42,val_f1,0.8499999999999999,test,43,1370,24,0.0072727272727272,0.0833333333333333,0.0133779264214046,0.0189319778291755
sage_local,42,val_f1,0.8499999999999999,test,44,1591,24,0.0214285714285714,0.125,0.0365853658536585,0.0275873154618754
sage_local,42,val_f1,0.8499999999999999,test,45,1221,5,0.0,0.0,0.0,0.0279403610689947
sage_local,42,val_f1,0.8499999999999999,test,46,712,2,0.0,0.0,0.0,0.007841923334881
sage_local,42,val_f1,0.8499999999999999,test,47,846,22,0.0,0.0,0.0,0.0481958743534848
sage_local,42,val_f1,0.8499999999999999,test,48,471,36,0.0,0.0,0.0,0.199226650783264
sage_local,42,val_f1,0.8499999999999999,test,49,476,56,0.0714285714285714,0.0178571428571428,0.0285714285714285,0.0795211665272338
sage_local,42,fixed_0.5,0.5,val,-1,4687,920,0.7339983374896093,0.959782608695652,0.8318417333961375,0.9346000339941608
sage_local,42,fixed_0.5,0.5,val,29,1174,329,0.8648648648648649,0.972644376899696,0.915593705293276,0.9796996308685209
sage_local,42,fixed_0.5,0.5,val,30,524,83,0.7090909090909091,0.9397590361445785,0.8082901554404145,0.8346890761113704
sage_local,42,fixed_0.5,0.5,val,31,710,106,0.6896551724137931,0.9433962264150944,0.796812749003984,0.8720332485801335
sage_local,42,fixed_0.5,0.5,val,32,1323,342,0.7511210762331838,0.97953216374269,0.850253807106599,0.963680709394337
sage_local,42,fixed_0.5,0.5,val,33,441,23,0.3902439024390244,0.6956521739130435,0.5,0.4567436076089581
sage_local,42,fixed_0.5,0.5,val,34,515,37,0.3736263736263736,0.918918918918919,0.53125,0.7366639734295475
sage_local,42,fixed_0.5,0.5,test,-1,16670,1083,0.2520840280093364,0.6980609418282548,0.370406663400294,0.390399027495635
sage_local,42,fixed_0.5,0.5,test,35,1341,182,0.5206349206349207,0.9010989010989012,0.6599597585513078,0.8696250403622509
sage_local,42,fixed_0.5,0.5,test,36,1708,33,0.0842490842490842,0.696969696969697,0.1503267973856209,0.4703474201440824
sage_local,42,fixed_0.5,0.5,test,37,498,40,0.3958333333333333,0.475,0.4318181818181818,0.5996078424900605
sage_local,42,fixed_0.5,0.5,test,38,756,111,0.5819209039548022,0.927927927927928,0.7152777777777778,0.8277009185108369
sage_local,42,fixed_0.5,0.5,test,39,1183,81,0.2836538461538461,0.7283950617283951,0.4083044982698962,0.5583740849467287
sage_local,42,fixed_0.5,0.5,test,40,1211,112,0.2768166089965398,0.7142857142857143,0.399002493765586,0.5807226817220688
sage_local,42,fixed_0.5,0.5,test,41,1132,116,0.3489361702127659,0.7068965517241379,0.4672364672364672,0.6238646689375684
sage_local,42,fixed_0.5,0.5,test,42,2154,239,0.5223097112860893,0.8326359832635983,0.6419354838709678,0.8370778722338165
sage_local,42,fixed_0.5,0.5,test,43,1370,24,0.0178117048346055,0.2916666666666667,0.0335731414868105,0.0189319778291755
sage_local,42,fixed_0.5,0.5,test,44,1591,24,0.0302013422818791,0.375,0.0559006211180124,0.0275873154618754
sage_local,42,fixed_0.5,0.5,test,45,1221,5,0.0202020202020202,0.4,0.0384615384615384,0.0279403610689947
sage_local,42,fixed_0.5,0.5,test,46,712,2,0.008,0.5,0.0157480314960629,0.007841923334881
sage_local,42,fixed_0.5,0.5,test,47,846,22,0.0194174757281553,0.0909090909090909,0.032,0.0481958743534848
sage_local,42,fixed_0.5,0.5,test,48,471,36,0.25,0.0833333333333333,0.125,0.199226650783264
sage_local,42,fixed_0.5,0.5,test,49,476,56,0.0697674418604651,0.0535714285714285,0.0606060606060606,0.0795211665272338
gat_local,42,val_f1,0.7799999999999999,val,-1,4687,920,0.7951219512195122,0.8858695652173914,0.8380462724935732,0.9008577367041336
gat_local,42,val_f1,0.7799999999999999,val,29,1174,329,0.8746268656716418,0.8905775075987842,0.8825301204819277,0.919687505538969
gat_local,42,val_f1,0.7799999999999999,val,30,524,83,0.788235294117647,0.8072289156626506,0.7976190476190477,0.8617597573574451
gat_local,42,val_f1,0.7799999999999999,val,31,710,106,0.7796610169491526,0.8679245283018868,0.8214285714285714,0.8735322945916143
gat_local,42,val_f1,0.7799999999999999,val,32,1323,342,0.8289473684210527,0.9210526315789472,0.8725761772853186,0.932823567583173
gat_local,42,val_f1,0.7799999999999999,val,33,441,23,0.3333333333333333,0.7391304347826086,0.4594594594594595,0.5974529238183499
gat_local,42,val_f1,0.7799999999999999,val,34,515,37,0.5535714285714286,0.8378378378378378,0.6666666666666666,0.7524252983965828
gat_local,42,val_f1,0.7799999999999999,test,-1,16670,1083,0.4159090909090909,0.6759002770083102,0.5149489975378122,0.5387207602800294
gat_local,42,val_f1,0.7799999999999999,test,35,1341,182,0.7466666666666667,0.9230769230769232,0.8255528255528255,0.9001980332858861
gat_local,42,val_f1,0.7799999999999999,test,36,1708,33,0.2,0.7272727272727273,0.3137254901960784,0.4103172988542728
gat_local,42,val_f1,0.7799999999999999,test,37,498,40,0.6052631578947368,0.575,0.5897435897435898,0.7213801658119569
gat_local,42,val_f1,0.7799999999999999,test,38,756,111,0.6190476190476191,0.7027027027027027,0.6582278481012658,0.674750386297193
gat_local,42,val_f1,0.7799999999999999,test,39,1183,81,0.4652777777777778,0.8271604938271605,0.5955555555555555,0.5517820989119238
gat_local,42,val_f1,0.7799999999999999,test,40,1211,112,0.2835249042145594,0.6607142857142857,0.3967828418230563,0.2922968313409232
gat_local,42,val_f1,0.7799999999999999,test,41,1132,116,0.562874251497006,0.8103448275862069,0.6643109540636042,0.7801410416201735
gat_local,42,val_f1,0.7799999999999999,test,42,2154,239,0.6701388888888888,0.8075313807531381,0.7324478178368121,0.8425667228247207
gat_local,42,val_f1,0.7799999999999999,test,43,1370,24,0.0,0.0,0.0,0.020893213461448
gat_local,42,val_f1,0.7799999999999999,test,44,1591,24,0.0326086956521739,0.125,0.0517241379310344,0.0239544284185147
gat_local,42,val_f1,0.7799999999999999,test,45,1221,5,0.0,0.0,0.0,0.0095212580370552
gat_local,42,val_f1,0.7799999999999999,test,46,712,2,0.0392156862745098,1.0,0.0754716981132075,0.0483682983682983
gat_local,42,val_f1,0.7799999999999999,test,47,846,22,0.0,0.0,0.0,0.0343802977290859
gat_local,42,val_f1,0.7799999999999999,test,48,471,36,0.25,0.1111111111111111,0.1538461538461538,0.2765880955534177
gat_local,42,val_f1,0.7799999999999999,test,49,476,56,0.1428571428571428,0.0357142857142857,0.0571428571428571,0.2035257112393166
gat_local,42,fixed_0.5,0.5,val,-1,4687,920,0.6209563994374121,0.959782608695652,0.7540563620836892,0.9008577367041336
gat_local,42,fixed_0.5,0.5,val,29,1174,329,0.7644230769230769,0.9665653495440728,0.8536912751677852,0.919687505538969
gat_local,42,fixed_0.5,0.5,val,30,524,83,0.6,0.9036144578313252,0.7211538461538461,0.8617597573574451
gat_local,42,fixed_0.5,0.5,val,31,710,106,0.5789473684210527,0.9339622641509434,0.7148014440433214,0.8735322945916143
gat_local,42,fixed_0.5,0.5,val,32,1323,342,0.6601178781925344,0.9824561403508772,0.7896592244418331,0.932823567583173
gat_local,42,fixed_0.5,0.5,val,33,441,23,0.2317073170731707,0.8260869565217391,0.3619047619047619,0.5974529238183499
gat_local,42,fixed_0.5,0.5,val,34,515,37,0.3025210084033613,0.972972972972973,0.4615384615384615,0.7524252983965828
gat_local,42,fixed_0.5,0.5,test,-1,16670,1083,0.2481159420289855,0.7903970452446907,0.3776748290315464,0.5387207602800294
gat_local,42,fixed_0.5,0.5,test,35,1341,182,0.5192878338278932,0.9615384615384616,0.674373795761079,0.9001980332858861
gat_local,42,fixed_0.5,0.5,test,36,1708,33,0.0901408450704225,0.9696969696969696,0.1649484536082474,0.4103172988542728
gat_local,42,fixed_0.5,0.5,test,37,498,40,0.4307692307692308,0.7,0.5333333333333333,0.7213801658119569
gat_local,42,fixed_0.5,0.5,test,38,756,111,0.5170731707317073,0.954954954954955,0.6708860759493671,0.674750386297193
gat_local,42,fixed_0.5,0.5,test,39,1183,81,0.2967479674796748,0.9012345679012346,0.4464831804281345,0.5517820989119238
gat_local,42,fixed_0.5,0.5,test,40,1211,112,0.2117647058823529,0.8035714285714286,0.3351955307262569,0.2922968313409232
gat_local,42,fixed_0.5,0.5,test,41,1132,116,0.4007782101167315,0.8879310344827587,0.5522788203753352,0.7801410416201735
gat_local,42,fixed_0.5,0.5,test,42,2154,239,0.4506437768240343,0.8786610878661087,0.5957446808510638,0.8425667228247207
gat_local,42,fixed_0.5,0.5,test,43,1370,24,0.0194174757281553,0.25,0.036036036036036,0.020893213461448
gat_local,42,fixed_0.5,0.5,test,44,1591,24,0.015432098765432,0.2083333333333333,0.028735632183908,0.0239544284185147
gat_local,42,fixed_0.5,0.5,test,45,1221,5,0.0082644628099173,0.2,0.0158730158730158,0.0095212580370552
gat_local,42,fixed_0.5,0.5,test,46,712,2,0.0178571428571428,1.0,0.0350877192982456,0.0483682983682983
gat_local,42,fixed_0.5,0.5,test,47,846,22,0.0075757575757575,0.0454545454545454,0.0129870129870129,0.0343802977290859
gat_local,42,fixed_0.5,0.5,test,48,471,36,0.3333333333333333,0.4166666666666667,0.3703703703703703,0.2765880955534177
gat_local,42,fixed_0.5,0.5,test,49,476,56,0.1764705882352941,0.1607142857142857,0.1682242990654205,0.2035257112393166
gcn_local,123,val_f1,0.8499999999999999,val,-1,4687,920,0.7657754010695187,0.7782608695652173,0.7719676549865229,0.8564023198103906
gcn_local,123,val_f1,0.8499999999999999,val,29,1174,329,0.8724035608308606,0.8936170212765957,0.8828828828828829,0.9514694501215566
gcn_local,123,val_f1,0.8499999999999999,val,30,524,83,0.8,0.7710843373493976,0.7852760736196319,0.8521197886710009
gcn_local,123,val_f1,0.8499999999999999,val,31,710,106,0.75,0.4245283018867924,0.5421686746987951,0.6931213323173717
gcn_local,123,val_f1,0.8499999999999999,val,32,1323,342,0.716931216931217,0.7923976608187134,0.7527777777777778,0.8349444903759489
gcn_local,123,val_f1,0.8499999999999999,val,33,441,23,0.6,0.782608695652174,0.6792452830188679,0.750244336709229
gcn_local,123,val_f1,0.8499999999999999,val,34,515,37,0.48,0.6486486486486487,0.5517241379310345,0.6473612165368545
gcn_local,123,val_f1,0.8499999999999999,test,-1,16670,1083,0.2507716049382716,0.6001846722068329,0.3537414965986394,0.2413751543374624
gcn_local,123,val_f1,0.8499999999999999,test,35,1341,182,0.6634146341463415,0.7472527472527473,0.7028423772609819,0.7666376166256827
gcn_local,123,val_f1,0.8499999999999999,test,36,1708,33,0.0477453580901856,0.5454545454545454,0.0878048780487804,0.0573745596942772
gcn_local,123,val_f1,0.8499999999999999,test,37,498,40,0.2898550724637681,0.5,0.3669724770642202,0.3496464273995241
gcn_local,123,val_f1,0.8499999999999999,test,38,756,111,0.6304347826086957,0.7837837837837838,0.6987951807228916,0.6458321770494588
gcn_local,123,val_f1,0.8499999999999999,test,39,1183,81,0.3881578947368421,0.7283950617283951,0.5064377682403434,0.413868582914532
gcn_local,123,val_f1,0.8499999999999999,test,40,1211,112,0.3562231759656652,0.7410714285714286,0.4811594202898551,0.3926064438166666
gcn_local,123,val_f1,0.8499999999999999,test,41,1132,116,0.3974358974358974,0.5344827586206896,0.4558823529411764,0.4072642651424039
gcn_local,123,val_f1,0.8499999999999999,test,42,2154,239,0.5866666666666667,0.7364016736401674,0.6530612244897959,0.6628119172258385
gcn_local,123,val_f1,0.8499999999999999,test,43,1370,24,0.0045871559633027,0.0833333333333333,0.008695652173913,0.0153507324369209
gcn_local,123,val_f1,0.8499999999999999,test,44,1591,24,0.0148148148148148,0.1666666666666666,0.0272108843537414,0.041794708320158
gcn_local,123,val_f1,0.8499999999999999,test,45,1221,5,0.0158730158730158,0.2,0.0294117647058823,0.0237654277048828
gcn_local,123,val_f1,0.8499999999999999,test,46,712,2,0.0109890109890109,0.5,0.021505376344086,0.0133555214200375
gcn_local,123,val_f1,0.8499999999999999,test,47,846,22,0.0,0.0,0.0,0.0303844607411668
gcn_local,123,val_f1,0.8499999999999999,test,48,471,36,0.0,0.0,0.0,0.1196220962832776
gcn_local,123,val_f1,0.8499999999999999,test,49,476,56,0.0666666666666666,0.0178571428571428,0.028169014084507,0.1490342855101057
gcn_local,123,fixed_0.5,0.5,val,-1,4687,920,0.535931790499391,0.9565217391304348,0.6869633099141296,0.8564023198103906
gcn_local,123,fixed_0.5,0.5,val,29,1174,329,0.6926406926406926,0.972644376899696,0.809102402022756,0.9514694501215566
gcn_local,123,fixed_0.5,0.5,val,30,524,83,0.5333333333333333,0.963855421686747,0.6866952789699571,0.8521197886710009
gcn_local,123,fixed_0.5,0.5,val,31,710,106,0.4973544973544973,0.8867924528301887,0.6372881355932203,0.6931213323173717
gcn_local,123,fixed_0.5,0.5,val,32,1323,342,0.5092307692307693,0.9678362573099416,0.6673387096774194,0.8349444903759489
gcn_local,123,fixed_0.5,0.5,val,33,441,23,0.3134328358208955,0.9130434782608696,0.4666666666666667,0.750244336709229
gcn_local,123,fixed_0.5,0.5,val,34,515,37,0.2741935483870967,0.918918918918919,0.422360248447205,0.6473612165368545
gcn_local,123,fixed_0.5,0.5,test,-1,16670,1083,0.1471541786743515,0.7543859649122807,0.2462697814619442,0.2413751543374624
gcn_local,123,fixed_0.5,0.5,test,35,1341,182,0.3975609756097561,0.8956043956043956,0.5506756756756757,0.7666376166256827
gcn_local,123,fixed_0.5,0.5,test,36,1708,33,0.0318237454100367,0.7878787878787878,0.0611764705882353,0.0573745596942772
gcn_local,123,fixed_0.5,0.5,test,37,498,40,0.1793103448275862,0.65,0.2810810810810811,0.3496464273995241
gcn_local,123,fixed_0.5,0.5,test,38,756,111,0.3953488372093023,0.918918918918919,0.5528455284552846,0.6458321770494588
gcn_local,123,fixed_0.5,0.5,test,39,1183,81,0.2408759124087591,0.8148148148148148,0.3718309859154929,0.413868582914532
gcn_local,123,fixed_0.5,0.5,test,40,1211,112,0.1970954356846473,0.8482142857142857,0.3198653198653198,0.3926064438166666
gcn_local,123,fixed_0.5,0.5,test,41,1132,116,0.229551451187335,0.75,0.3515151515151515,0.4072642651424039
gcn_local,123,fixed_0.5,0.5,test,42,2154,239,0.3547854785478548,0.899581589958159,0.5088757396449705,0.6628119172258385
gcn_local,123,fixed_0.5,0.5,test,43,1370,24,0.0157142857142857,0.4583333333333333,0.0303867403314917,0.0153507324369209
gcn_local,123,fixed_0.5,0.5,test,44,1591,24,0.0195488721804511,0.5416666666666666,0.0377358490566037,0.041794708320158
gcn_local,123,fixed_0.5,0.5,test,45,1221,5,0.015625,0.8,0.0306513409961685,0.0237654277048828
gcn_local,123,fixed_0.5,0.5,test,46,712,2,0.0055865921787709,0.5,0.011049723756906,0.0133555214200375
gcn_local,123,fixed_0.5,0.5,test,47,846,22,0.0170212765957446,0.1818181818181818,0.0311284046692607,0.0303844607411668
gcn_local,123,fixed_0.5,0.5,test,48,471,36,0.0303030303030303,0.0555555555555555,0.0392156862745098,0.1196220962832776
gcn_local,123,fixed_0.5,0.5,test,49,476,56,0.025,0.0357142857142857,0.0294117647058823,0.1490342855101057
sage_local,123,val_f1,0.8499999999999999,val,-1,4687,920,0.8571428571428571,0.9065217391304348,0.8811410459587956,0.9275910222467472
sage_local,123,val_f1,0.8499999999999999,val,29,1174,329,0.9585987261146496,0.9148936170212766,0.9362363919129082,0.9718905890429704
sage_local,123,val_f1,0.8499999999999999,val,30,524,83,0.8064516129032258,0.9036144578313252,0.8522727272727273,0.8811951477302039
sage_local,123,val_f1,0.8499999999999999,val,31,710,106,0.8508771929824561,0.9150943396226416,0.8818181818181818,0.8779599644803042
sage_local,123,val_f1,0.8499999999999999,val,32,1323,342,0.8575268817204301,0.932748538011696,0.8935574229691877,0.9515931327301465
sage_local,123,val_f1,0.8499999999999999,val,33,441,23,0.4827586206896552,0.6086956521739131,0.5384615384615384,0.4628041237976863
sage_local,123,val_f1,0.8499999999999999,val,34,515,37,0.5490196078431373,0.7567567567567568,0.6363636363636364,0.7360878630462471
sage_local,123,val_f1,0.8499999999999999,test,-1,16670,1083,0.3784378437843784,0.6352723915050785,0.4743192002757669,0.3875981977761759
sage_local,123,val_f1,0.8499999999999999,test,35,1341,182,0.7416267942583732,0.8516483516483516,0.7928388746803069,0.8530211857684128
sage_local,123,val_f1,0.8499999999999999,test,36,1708,33,0.1896551724137931,0.6666666666666666,0.2953020134228188,0.4012273977711959
sage_local,123,val_f1,0.8499999999999999,test,37,498,40,0.6333333333333333,0.475,0.5428571428571428,0.5867937332360973
sage_local,123,val_f1,0.8499999999999999,test,38,756,111,0.7013888888888888,0.90990990990991,0.792156862745098,0.8856868624860973
sage_local,123,val_f1,0.8499999999999999,test,39,1183,81,0.3741496598639456,0.6790123456790124,0.4824561403508772,0.57308301929189
sage_local,123,val_f1,0.8499999999999999,test,40,1211,112,0.4370860927152318,0.5892857142857143,0.5019011406844106,0.5835194502964145
sage_local,123,val_f1,0.8499999999999999,test,41,1132,116,0.4805194805194805,0.6379310344827587,0.5481481481481482,0.6213881050481651
sage_local,123,val_f1,0.8499999999999999,test,42,2154,239,0.7333333333333333,0.7824267782426778,0.757085020242915,0.8460873423068422
sage_local,123,val_f1,0.8499999999999999,test,43,1370,24,0.0070921985815602,0.0833333333333333,0.0130718954248366,0.0192351912139994
sage_local,123,val_f1,0.8499999999999999,test,44,1591,24,0.0201342281879194,0.125,0.0346820809248554,0.0304119027226436
sage_local,123,val_f1,0.8499999999999999,test,45,1221,5,0.0,0.0,0.0,0.0222305482130701
sage_local,123,val_f1,0.8499999999999999,test,46,712,2,0.0202020202020202,1.0,0.0396039603960396,0.0428779069767441
sage_local,123,val_f1,0.8499999999999999,test,47,846,22,0.0,0.0,0.0,0.0534349279367109
sage_local,123,val_f1,0.8499999999999999,test,48,471,36,0.25,0.0277777777777777,0.05,0.2103778787936349
sage_local,123,val_f1,0.8499999999999999,test,49,476,56,0.0769230769230769,0.0178571428571428,0.0289855072463768,0.0838259621854791
sage_local,123,fixed_0.5,0.5,val,-1,4687,920,0.7374581939799331,0.9586956521739132,0.833648393194707,0.9275910222467472
sage_local,123,fixed_0.5,0.5,val,29,1174,329,0.8661202185792349,0.9635258358662614,0.912230215827338,0.9718905890429704
sage_local,123,fixed_0.5,0.5,val,30,524,83,0.6869565217391305,0.9518072289156626,0.797979797979798,0.8811951477302039
sage_local,123,fixed_0.5,0.5,val,31,710,106,0.7071428571428572,0.9339622641509434,0.8048780487804879,0.8779599644803042
sage_local,123,fixed_0.5,0.5,val,32,1323,342,0.755656108597285,0.9766081871345028,0.8520408163265306,0.9515931327301465
sage_local,123,fixed_0.5,0.5,val,33,441,23,0.4318181818181818,0.8260869565217391,0.5671641791044776,0.4628041237976863
sage_local,123,fixed_0.5,0.5,val,34,515,37,0.3820224719101123,0.918918918918919,0.5396825396825397,0.7360878630462471
sage_local,123,fixed_0.5,0.5,test,-1,16670,1083,0.2582530949105914,0.6934441366574331,0.376346780255575,0.3875981977761759
sage_local,123,fixed_0.5,0.5,test,35,1341,182,0.543046357615894,0.9010989010989012,0.6776859504132231,0.8530211857684128
sage_local,123,fixed_0.5,0.5,test,36,1708,33,0.0821428571428571,0.696969696969697,0.1469648562300319,0.4012273977711959
sage_local,123,fixed_0.5,0.5,test,37,498,40,0.4418604651162791,0.475,0.4578313253012048,0.5867937332360973
sage_local,123,fixed_0.5,0.5,test,38,756,111,0.5473684210526316,0.9369369369369368,0.6910299003322259,0.8856868624860973
sage_local,123,fixed_0.5,0.5,test,39,1183,81,0.277511961722488,0.7160493827160493,0.4,0.57308301929189
sage_local,123,fixed_0.5,0.5,test,40,1211,112,0.3100775193798449,0.7142857142857143,0.4324324324324324,0.5835194502964145
sage_local,123,fixed_0.5,0.5,test,41,1132,116,0.3433476394849785,0.6896551724137931,0.4584527220630373,0.6213881050481651
sage_local,123,fixed_0.5,0.5,test,42,2154,239,0.5751445086705202,0.8326359832635983,0.6803418803418804,0.8460873423068422
sage_local,123,fixed_0.5,0.5,test,43,1370,24,0.0154241645244215,0.25,0.0290556900726392,0.0192351912139994
sage_local,123,fixed_0.5,0.5,test,44,1591,24,0.0292207792207792,0.375,0.0542168674698795,0.0304119027226436
sage_local,123,fixed_0.5,0.5,test,45,1221,5,0.0119047619047619,0.2,0.0224719101123595,0.0222305482130701
sage_local,123,fixed_0.5,0.5,test,46,712,2,0.016,1.0,0.0314960629921259,0.0428779069767441
sage_local,123,fixed_0.5,0.5,test,47,846,22,0.0217391304347826,0.0909090909090909,0.0350877192982456,0.0534349279367109
sage_local,123,fixed_0.5,0.5,test,48,471,36,0.1818181818181818,0.0555555555555555,0.0851063829787234,0.2103778787936349
sage_local,123,fixed_0.5,0.5,test,49,476,56,0.0526315789473684,0.0357142857142857,0.0425531914893617,0.0838259621854791
gat_local,123,val_f1,0.7699999999999999,val,-1,4687,920,0.7378917378917379,0.8445652173913043,0.7876330461226558,0.8572629201349733
gat_local,123,val_f1,0.7699999999999999,val,29,1174,329,0.8393351800554016,0.9209726443768996,0.8782608695652174,0.9270069162952757
gat_local,123,val_f1,0.7699999999999999,val,30,524,83,0.7011494252873564,0.7349397590361446,0.7176470588235294,0.8082523335359031
gat_local,123,val_f1,0.7699999999999999,val,31,710,106,0.7207207207207207,0.7547169811320755,0.7373271889400922,0.7273485216564582
gat_local,123,val_f1,0.7699999999999999,val,32,1323,342,0.7598944591029023,0.8421052631578947,0.7988904299583911,0.8811324644158461
gat_local,123,val_f1,0.7699999999999999,val,33,441,23,0.3421052631578947,0.5652173913043478,0.4262295081967213,0.4711146270069976
gat_local,123,val_f1,0.7699999999999999,val,34,515,37,0.4155844155844156,0.8648648648648649,0.5614035087719298,0.7087817321877128
gat_local,123,val_f1,0.7699999999999999,test,-1,16670,1083,0.2301852414211964,0.6999076638965835,0.346435100548446,0.3377428917513792
gat_local,123,val_f1,0.7699999999999999,test,35,1341,182,0.64453125,0.9065934065934066,0.7534246575342466,0.8870991421121049
gat_local,123,val_f1,0.7699999999999999,test,36,1708,33,0.0642023346303501,1.0,0.1206581352833638,0.3599991238796283
gat_local,123,val_f1,0.7699999999999999,test,37,498,40,0.2432432432432432,0.675,0.3576158940397351,0.3896230493887594
gat_local,123,val_f1,0.7699999999999999,test,38,756,111,0.4520547945205479,0.8918918918918919,0.6,0.6099015120791825
gat_local,123,val_f1,0.7699999999999999,test,39,1183,81,0.2782258064516129,0.8518518518518519,0.4194528875379939,0.5544155060988805
gat_local,123,val_f1,0.7699999999999999,test,40,1211,112,0.2233766233766233,0.7678571428571429,0.3460764587525151,0.293539714303044
gat_local,123,val_f1,0.7699999999999999,test,41,1132,116,0.34375,0.6637931034482759,0.4529411764705882,0.5599942831143553
gat_local,123,val_f1,0.7699999999999999,test,42,2154,239,0.5575221238938053,0.7907949790794979,0.6539792387543253,0.6958229273400245
gat_local,123,val_f1,0.7699999999999999,test,43,1370,24,0.0052770448548812,0.0833333333333333,0.009925558312655,0.0179723200069848
gat_local,123,val_f1,0.7699999999999999,test,44,1591,24,0.0198019801980198,0.1666666666666666,0.0353982300884955,0.020835025873599
gat_local,123,val_f1,0.7699999999999999,test,45,1221,5,0.0,0.0,0.0,0.010255676757752
gat_local,123,val_f1,0.7699999999999999,test,46,712,2,0.0091743119266055,1.0,0.0181818181818181,0.2222222222222222
gat_local,123,val_f1,0.7699999999999999,test,47,846,22,0.0,0.0,0.0,0.033098872841406
gat_local,123,val_f1,0.7699999999999999,test,48,471,36,0.1724137931034483,0.1388888888888889,0.1538461538461538,0.2117079242826123
gat_local,123,val_f1,0.7699999999999999,test,49,476,56,0.0,0.0,0.0,0.1382424378066658
gat_local,123,fixed_0.5,0.5,val,-1,4687,920,0.5633986928104575,0.9369565217391304,0.7036734693877551,0.8572629201349733
gat_local,123,fixed_0.5,0.5,val,29,1174,329,0.7247706422018348,0.96048632218845,0.8261437908496732,0.9270069162952757
gat_local,123,fixed_0.5,0.5,val,30,524,83,0.5581395348837209,0.8674698795180723,0.6792452830188679,0.8082523335359031
gat_local,123,fixed_0.5,0.5,val,31,710,106,0.5161290322580645,0.9056603773584906,0.6575342465753424,0.7273485216564582
gat_local,123,fixed_0.5,0.5,val,32,1323,342,0.5858951175406871,0.9473684210526316,0.7240223463687151,0.8811324644158461
gat_local,123,fixed_0.5,0.5,val,33,441,23,0.2236842105263158,0.7391304347826086,0.3434343434343434,0.4711146270069976
gat_local,123,fixed_0.5,0.5,val,34,515,37,0.2466666666666666,1.0,0.3957219251336898,0.7087817321877128
gat_local,123,fixed_0.5,0.5,test,-1,16670,1083,0.1547769550297995,0.791320406278855,0.2589123867069486,0.3377428917513792
gat_local,123,fixed_0.5,0.5,test,35,1341,182,0.4032258064516129,0.9615384615384616,0.5681818181818182,0.8870991421121049
gat_local,123,fixed_0.5,0.5,test,36,1708,33,0.0352187833511205,1.0,0.068041237113402,0.3599991238796283
gat_local,123,fixed_0.5,0.5,test,37,498,40,0.1717791411042944,0.7,0.2758620689655172,0.3896230493887594
gat_local,123,fixed_0.5,0.5,test,38,756,111,0.3385579937304075,0.972972972972973,0.5023255813953489,0.6099015120791825
gat_local,123,fixed_0.5,0.5,test,39,1183,81,0.2176308539944903,0.9753086419753086,0.3558558558558558,0.5544155060988805
gat_local,123,fixed_0.5,0.5,test,40,1211,112,0.1680960548885077,0.875,0.2820143884892086,0.293539714303044
gat_local,123,fixed_0.5,0.5,test,41,1132,116,0.2201086956521739,0.6982758620689655,0.3347107438016529,0.5599942831143553
gat_local,123,fixed_0.5,0.5,test,42,2154,239,0.4222222222222222,0.8744769874476988,0.5694822888283378,0.6958229273400245
gat_local,123,fixed_0.5,0.5,test,43,1370,24,0.0165137614678899,0.375,0.031634446397188,0.0179723200069848
gat_local,123,fixed_0.5,0.5,test,44,1591,24,0.0166666666666666,0.2916666666666667,0.0315315315315315,0.020835025873599
gat_local,123,fixed_0.5,0.5,test,45,1221,5,0.0105820105820105,0.4,0.0206185567010309,0.010255676757752
gat_local,123,fixed_0.5,0.5,test,46,712,2,0.0054644808743169,1.0,0.0108695652173913,0.2222222222222222
gat_local,123,fixed_0.5,0.5,test,47,846,22,0.0153846153846153,0.1363636363636363,0.0276497695852534,0.033098872841406
gat_local,123,fixed_0.5,0.5,test,48,471,36,0.2359550561797752,0.5833333333333334,0.336,0.2117079242826123
gat_local,123,fixed_0.5,0.5,test,49,476,56,0.028169014084507,0.0357142857142857,0.0314960629921259,0.1382424378066658
gcn_local,2024,val_f1,0.84,val,-1,4687,920,0.7528846153846154,0.8510869565217392,0.7989795918367347,0.8622439757739793
gcn_local,2024,val_f1,0.84,val,29,1174,329,0.8579710144927536,0.8996960486322189,0.8783382789317508,0.9520843660157776
gcn_local,2024,val_f1,0.84,val,30,524,83,0.7804878048780488,0.7710843373493976,0.7757575757575758,0.8592069714745533
gcn_local,2024,val_f1,0.84,val,31,710,106,0.7941176470588235,0.7641509433962265,0.7788461538461539,0.8036334549645232
gcn_local,2024,val_f1,0.84,val,32,1323,342,0.7064439140811456,0.8654970760233918,0.7779237844940867,0.830005429848715
gcn_local,2024,val_f1,0.84,val,33,441,23,0.5454545454545454,0.782608695652174,0.6428571428571429,0.7739858244596132
gcn_local,2024,val_f1,0.84,val,34,515,37,0.4745762711864407,0.7567567567567568,0.5833333333333334,0.6495972114247833
gcn_local,2024,val_f1,0.84,test,-1,16670,1083,0.2778929904603899,0.61865189289012,0.3835145964510589,0.425114833432599
gcn_local,2024,val_f1,0.84,test,35,1341,182,0.64,0.7912087912087912,0.7076167076167076,0.747774063823329
gcn_local,2024,val_f1,0.84,test,36,1708,33,0.035799522673031,0.4545454545454545,0.0663716814159292,0.0709359540361852
gcn_local,2024,val_f1,0.84,test,37,498,40,0.2409638554216867,0.5,0.3252032520325203,0.3928084372938779
gcn_local,2024,val_f1,0.84,test,38,756,111,0.62,0.8378378378378378,0.7126436781609196,0.6431598879939232
gcn_local,2024,val_f1,0.84,test,39,1183,81,0.3315217391304347,0.7530864197530864,0.460377358490566,0.4188756626220892
gcn_local,2024,val_f1,0.84,test,40,1211,112,0.4171428571428571,0.6517857142857143,0.5087108013937283,0.5347790145857299
gcn_local,2024,val_f1,0.84,test,41,1132,116,0.3872832369942196,0.5775862068965517,0.4636678200692041,0.4796177805878847
gcn_local,2024,val_f1,0.84,test,42,2154,239,0.6348122866894198,0.7782426778242678,0.6992481203007519,0.7350839421688071
gcn_local,2024,val_f1,0.84,test,43,1370,24,0.0229885057471264,0.1666666666666666,0.0404040404040404,0.0238269600932609
gcn_local,2024,val_f1,0.84,test,44,1591,24,0.0130718954248366,0.1666666666666666,0.0242424242424242,0.0770282949749549
gcn_local,2024,val_f1,0.84,test,45,1221,5,0.0126582278481012,0.2,0.0238095238095238,0.0146880494563098
gcn_local,2024,val_f1,0.84,test,46,712,2,0.0,0.0,0.0,0.0045870320687109
gcn_local,2024,val_f1,0.84,test,47,846,22,0.0,0.0,0.0,0.0326135727761832
gcn_local,2024,val_f1,0.84,test,48,471,36,0.0,0.0,0.0,0.1133239708227066
gcn_local,2024,val_f1,0.84,test,49,476,56,0.0952380952380952,0.0357142857142857,0.0519480519480519,0.1554751767141566
gcn_local,2024,fixed_0.5,0.5,val,-1,4687,920,0.5338932213557288,0.967391304347826,0.6880556629300348,0.8622439757739793
gcn_local,2024,fixed_0.5,0.5,val,29,1174,329,0.6993464052287581,0.9756838905775076,0.8147208121827412,0.9520843660157776
gcn_local,2024,fixed_0.5,0.5,val,30,524,83,0.5231788079470199,0.9518072289156626,0.6752136752136753,0.8592069714745533
gcn_local,2024,fixed_0.5,0.5,val,31,710,106,0.5235602094240838,0.9433962264150944,0.6734006734006734,0.8036334549645232
gcn_local,2024,fixed_0.5,0.5,val,32,1323,342,0.5053110773899848,0.9736842105263158,0.6653346653346653,0.830005429848715
gcn_local,2024,fixed_0.5,0.5,val,33,441,23,0.2916666666666667,0.9130434782608696,0.4421052631578947,0.7739858244596132
gcn_local,2024,fixed_0.5,0.5,val,34,515,37,0.2666666666666666,0.972972972972973,0.4186046511627907,0.6495972114247833
gcn_local,2024,fixed_0.5,0.5,test,-1,16670,1083,0.1592049401775376,0.7617728531855956,0.2633679169992019,0.425114833432599
gcn_local,2024,fixed_0.5,0.5,test,35,1341,182,0.3975903614457831,0.9065934065934066,0.5527638190954773,0.747774063823329
gcn_local,2024,fixed_0.5,0.5,test,36,1708,33,0.0316686967113276,0.7878787878787878,0.0608899297423887,0.0709359540361852
gcn_local,2024,fixed_0.5,0.5,test,37,498,40,0.170886075949367,0.675,0.2727272727272727,0.3928084372938779
gcn_local,2024,fixed_0.5,0.5,test,38,756,111,0.3953488372093023,0.918918918918919,0.5528455284552846,0.6431598879939232
gcn_local,2024,fixed_0.5,0.5,test,39,1183,81,0.2456140350877192,0.8641975308641975,0.3825136612021858,0.4188756626220892
gcn_local,2024,fixed_0.5,0.5,test,40,1211,112,0.2285012285012285,0.8303571428571429,0.3583815028901734,0.5347790145857299
gcn_local,2024,fixed_0.5,0.5,test,41,1132,116,0.2386363636363636,0.7241379310344828,0.358974358974359,0.4796177805878847
gcn_local,2024,fixed_0.5,0.5,test,42,2154,239,0.383128295254833,0.9121338912133892,0.5396039603960396,0.7350839421688071
gcn_local,2024,fixed_0.5,0.5,test,43,1370,24,0.0219780219780219,0.4166666666666667,0.0417536534446764,0.0238269600932609
gcn_local,2024,fixed_0.5,0.5,test,44,1591,24,0.0237037037037037,0.6666666666666666,0.0457796852646638,0.0770282949749549
gcn_local,2024,fixed_0.5,0.5,test,45,1221,5,0.0104895104895104,0.6,0.0206185567010309,0.0146880494563098
gcn_local,2024,fixed_0.5,0.5,test,46,712,2,0.0,0.0,0.0,0.0045870320687109
gcn_local,2024,fixed_0.5,0.5,test,47,846,22,0.0188679245283018,0.1818181818181818,0.0341880341880341,0.0326135727761832
gcn_local,2024,fixed_0.5,0.5,test,48,471,36,0.0307692307692307,0.0555555555555555,0.0396039603960396,0.1133239708227066
gcn_local,2024,fixed_0.5,0.5,test,49,476,56,0.0595238095238095,0.0892857142857142,0.0714285714285714,0.1554751767141566
sage_local,2024,val_f1,0.8599999999999999,val,-1,4687,920,0.8569958847736625,0.9054347826086956,0.8805496828752643,0.9231867027108436
sage_local,2024,val_f1,0.8599999999999999,val,29,1174,329,0.9503105590062112,0.9300911854103344,0.9400921658986175,0.977224003768036
sage_local,2024,val_f1,0.8599999999999999,val,30,524,83,0.8020833333333334,0.927710843373494,0.8603351955307262,0.8543778627265963
sage_local,2024,val_f1,0.8599999999999999,val,31,710,106,0.8476190476190476,0.839622641509434,0.8436018957345972,0.8532192828152872
sage_local,2024,val_f1,0.8599999999999999,val,32,1323,342,0.8617886178861789,0.9298245614035088,0.8945147679324894,0.952021626562538
sage_local,2024,val_f1,0.8599999999999999,val,33,441,23,0.5357142857142857,0.6521739130434783,0.5882352941176471,0.4256324709246004
sage_local,2024,val_f1,0.8599999999999999,val,34,515,37,0.5384615384615384,0.7567567567567568,0.6292134831460674,0.7811369691910874
sage_local,2024,val_f1,0.8599999999999999,test,-1,16670,1083,0.4107142857142857,0.615881809787627,0.4927964536387144,0.4027053062332566
sage_local,2024,val_f1,0.8599999999999999,test,35,1341,182,0.7729468599033816,0.8791208791208791,0.8226221079691517,0.8702332279082952
sage_local,2024,val_f1,0.8599999999999999,test,36,1708,33,0.2142857142857142,0.6363636363636364,0.3206106870229007,0.541685019960346
sage_local,2024,val_f1,0.8599999999999999,test,37,498,40,0.8636363636363636,0.475,0.6129032258064516,0.5899705343057816
sage_local,2024,val_f1,0.8599999999999999,test,38,756,111,0.7258064516129032,0.8108108108108109,0.7659574468085106,0.7750060317173569
sage_local,2024,val_f1,0.8599999999999999,test,39,1183,81,0.3787878787878788,0.6172839506172839,0.4694835680751174,0.5661680545566331
sage_local,2024,val_f1,0.8599999999999999,test,40,1211,112,0.4692307692307692,0.5446428571428571,0.5041322314049587,0.583225316258158
sage_local,2024,val_f1,0.8599999999999999,test,41,1132,116,0.5606060606060606,0.6379310344827587,0.5967741935483871,0.685016100042645
sage_local,2024,val_f1,0.8599999999999999,test,42,2154,239,0.7666666666666667,0.7698744769874477,0.7682672233820459,0.8472470056371826
sage_local,2024,val_f1,0.8599999999999999,test,43,1370,24,0.0077821011673151,0.0833333333333333,0.0142348754448398,0.0204993321773201
sage_local,2024,val_f1,0.8599999999999999,test,44,1591,24,0.0142857142857142,0.0833333333333333,0.024390243902439,0.028064233226227
sage_local,2024,val_f1,0.8599999999999999,test,45,1221,5,0.0,0.0,0.0,0.0164897630560004
sage_local,2024,val_f1,0.8599999999999999,test,46,712,2,0.024390243902439,1.0,0.0476190476190476,0.2658730158730158
sage_local,2024,val_f1,0.8599999999999999,test,47,846,22,0.0,0.0,0.0,0.0494368344213694
sage_local,2024,val_f1,0.8599999999999999,test,48,471,36,0.25,0.0277777777777777,0.05,0.190640621394988
sage_local,2024,val_f1,0.8599999999999999,test,49,476,56,0.1111111111111111,0.0178571428571428,0.0307692307692307,0.0789920387416145
sage_local,2024,fixed_0.5,0.5,val,-1,4687,920,0.7390939597315436,0.957608695652174,0.834280303030303,0.9231867027108436
sage_local,2024,fixed_0.5,0.5,val,29,1174,329,0.8729281767955801,0.96048632218845,0.914616497829233,0.977224003768036
sage_local,2024,fixed_0.5,0.5,val,30,524,83,0.7090909090909091,0.9397590361445785,0.8082901554404145,0.8543778627265963
sage_local,2024,fixed_0.5,0.5,val,31,710,106,0.7122302158273381,0.9339622641509434,0.8081632653061225,0.8532192828152872
sage_local,2024,fixed_0.5,0.5,val,32,1323,342,0.7573696145124716,0.9766081871345028,0.8531289910600255,0.952021626562538
sage_local,2024,fixed_0.5,0.5,val,33,441,23,0.4130434782608695,0.8260869565217391,0.5507246376811594,0.4256324709246004
sage_local,2024,fixed_0.5,0.5,val,34,515,37,0.3723404255319149,0.945945945945946,0.5343511450381679,0.7811369691910874
sage_local,2024,fixed_0.5,0.5,test,-1,16670,1083,0.2633273703041145,0.6795937211449676,0.3795771015987622,0.4027053062332566
sage_local,2024,fixed_0.5,0.5,test,35,1341,182,0.5409836065573771,0.9065934065934066,0.6776180698151951,0.8702332279082952
sage_local,2024,fixed_0.5,0.5,test,36,1708,33,0.0874524714828897,0.696969696969697,0.1554054054054054,0.541685019960346
sage_local,2024,fixed_0.5,0.5,test,37,498,40,0.5128205128205128,0.5,0.5063291139240507,0.5899705343057816
sage_local,2024,fixed_0.5,0.5,test,38,756,111,0.5485714285714286,0.8648648648648649,0.6713286713286714,0.7750060317173569
sage_local,2024,fixed_0.5,0.5,test,39,1183,81,0.2842639593908629,0.691358024691358,0.4028776978417266,0.5661680545566331
sage_local,2024,fixed_0.5,0.5,test,40,1211,112,0.3236514522821577,0.6964285714285714,0.4419263456090651,0.583225316258158
sage_local,2024,fixed_0.5,0.5,test,41,1132,116,0.3577981651376147,0.6724137931034483,0.467065868263473,0.685016100042645
sage_local,2024,fixed_0.5,0.5,test,42,2154,239,0.556497175141243,0.8242677824267782,0.6644182124789207,0.8472470056371826
sage_local,2024,fixed_0.5,0.5,test,43,1370,24,0.0194986072423398,0.2916666666666667,0.0365535248041775,0.0204993321773201
sage_local,2024,fixed_0.5,0.5,test,44,1591,24,0.0225806451612903,0.2916666666666667,0.0419161676646706,0.028064233226227
sage_local,2024,fixed_0.5,0.5,test,45,1221,5,0.0123456790123456,0.2,0.0232558139534883,0.0164897630560004
sage_local,2024,fixed_0.5,0.5,test,46,712,2,0.017391304347826,1.0,0.0341880341880341,0.2658730158730158
sage_local,2024,fixed_0.5,0.5,test,47,846,22,0.0238095238095238,0.0909090909090909,0.0377358490566037,0.0494368344213694
sage_local,2024,fixed_0.5,0.5,test,48,471,36,0.1875,0.0833333333333333,0.1153846153846153,0.190640621394988
sage_local,2024,fixed_0.5,0.5,test,49,476,56,0.0263157894736842,0.0178571428571428,0.0212765957446808,0.0789920387416145
gat_local,2024,val_f1,0.83,val,-1,4687,920,0.805050505050505,0.866304347826087,0.8345549738219895,0.8955335180278079
gat_local,2024,val_f1,0.83,val,29,1174,329,0.8942598187311178,0.8996960486322189,0.896969696969697,0.9486759922496312
gat_local,2024,val_f1,0.83,val,30,524,83,0.788235294117647,0.8072289156626506,0.7976190476190477,0.886953790862723
gat_local,2024,val_f1,0.83,val,31,710,106,0.8272727272727273,0.8584905660377359,0.8425925925925926,0.8884282652125995
gat_local,2024,val_f1,0.83,val,32,1323,342,0.7941952506596306,0.8801169590643275,0.8349514563106796,0.9023808795649804
gat_local,2024,val_f1,0.83,val,33,441,23,0.6363636363636364,0.6086956521739131,0.6222222222222222,0.6046804033681201
gat_local,2024,val_f1,0.83,val,34,515,37,0.4444444444444444,0.7567567567567568,0.56,0.6543827359161885
gat_local,2024,val_f1,0.83,test,-1,16670,1083,0.375,0.6565096952908587,0.4773413897280967,0.4578563013928565
gat_local,2024,val_f1,0.83,test,35,1341,182,0.7217391304347827,0.912087912087912,0.8058252427184466,0.910867248712724
gat_local,2024,val_f1,0.83,test,36,1708,33,0.1849710982658959,0.9696969696969696,0.3106796116504854,0.5183072512541469
gat_local,2024,val_f1,0.83,test,37,498,40,0.5555555555555556,0.625,0.5882352941176471,0.6664397126790037
gat_local,2024,val_f1,0.83,test,38,756,111,0.6904761904761905,0.7837837837837838,0.7341772151898734,0.8216453094964608
gat_local,2024,val_f1,0.83,test,39,1183,81,0.377906976744186,0.8024691358024691,0.5138339920948617,0.68750843694979
gat_local,2024,val_f1,0.83,test,40,1211,112,0.3860759493670886,0.5446428571428571,0.4518518518518518,0.569111374636756
gat_local,2024,val_f1,0.83,test,41,1132,116,0.4814814814814814,0.6724137931034483,0.5611510791366906,0.6179612569852442
gat_local,2024,val_f1,0.83,test,42,2154,239,0.6702127659574468,0.7907949790794979,0.72552783109405,0.8471407145794728
gat_local,2024,val_f1,0.83,test,43,1370,24,0.0,0.0,0.0,0.0186053079730091
gat_local,2024,val_f1,0.83,test,44,1591,24,0.0275229357798165,0.125,0.0451127819548872,0.0264255141624861
gat_local,2024,val_f1,0.83,test,45,1221,5,0.0,0.0,0.0,0.0276090561753814
gat_local,2024,val_f1,0.83,test,46,712,2,0.018348623853211,1.0,0.036036036036036,0.1623376623376623
gat_local,2024,val_f1,0.83,test,47,846,22,0.0,0.0,0.0,0.0307954283851605
gat_local,2024,val_f1,0.83,test,48,471,36,0.25,0.0833333333333333,0.125,0.2088278644027578
gat_local,2024,val_f1,0.83,test,49,476,56,0.0,0.0,0.0,0.0818277151872376
gat_local,2024,fixed_0.5,0.5,val,-1,4687,920,0.6405563689604685,0.9510869565217392,0.7655293088363955,0.8955335180278079
gat_local,2024,fixed_0.5,0.5,val,29,1174,329,0.7876543209876543,0.9696048632218844,0.8692098092643051,0.9486759922496312
gat_local,2024,fixed_0.5,0.5,val,30,524,83,0.6548672566371682,0.891566265060241,0.7551020408163265,0.886953790862723
gat_local,2024,fixed_0.5,0.5,val,31,710,106,0.6226415094339622,0.9339622641509434,0.7471698113207547,0.8884282652125995
gat_local,2024,fixed_0.5,0.5,val,32,1323,342,0.6620278330019881,0.9736842105263158,0.7881656804733728,0.9023808795649804
gat_local,2024,fixed_0.5,0.5,val,33,441,23,0.25,0.6086956521739131,0.3544303797468354,0.6046804033681201
gat_local,2024,fixed_0.5,0.5,val,34,515,37,0.2769230769230769,0.972972972972973,0.4311377245508982,0.6543827359161885
gat_local,2024,fixed_0.5,0.5,test,-1,16670,1083,0.2184091513700452,0.7580794090489381,0.339116067740603,0.4578563013928565
gat_local,2024,fixed_0.5,0.5,test,35,1341,182,0.4835164835164835,0.967032967032967,0.6446886446886447,0.910867248712724
gat_local,2024,fixed_0.5,0.5,test,36,1708,33,0.0702127659574468,1.0,0.1312127236580517,0.5183072512541469
gat_local,2024,fixed_0.5,0.5,test,37,498,40,0.3733333333333333,0.7,0.4869565217391304,0.6664397126790037
gat_local,2024,fixed_0.5,0.5,test,38,756,111,0.4927536231884058,0.918918918918919,0.6415094339622641,0.8216453094964608
gat_local,2024,fixed_0.5,0.5,test,39,1183,81,0.273037542662116,0.9876543209876544,0.427807486631016,0.68750843694979
gat_local,2024,fixed_0.5,0.5,test,40,1211,112,0.243076923076923,0.7053571428571429,0.3615560640732265,0.569111374636756
gat_local,2024,fixed_0.5,0.5,test,41,1132,116,0.28719723183391,0.7155172413793104,0.4098765432098765,0.6179612569852442
gat_local,2024,fixed_0.5,0.5,test,42,2154,239,0.4668141592920354,0.8828451882845189,0.6107091172214182,0.8471407145794728
gat_local,2024,fixed_0.5,0.5,test,43,1370,24,0.0147058823529411,0.25,0.0277777777777777,0.0186053079730091
gat_local,2024,fixed_0.5,0.5,test,44,1591,24,0.0214067278287461,0.2916666666666667,0.0398860398860398,0.0264255141624861
gat_local,2024,fixed_0.5,0.5,test,45,1221,5,0.0337078651685393,0.6,0.0638297872340425,0.0276090561753814
gat_local,2024,fixed_0.5,0.5,test,46,712,2,0.010752688172043,1.0,0.0212765957446808,0.1623376623376623
gat_local,2024,fixed_0.5,0.5,test,47,846,22,0.0111111111111111,0.0909090909090909,0.0198019801980198,0.0307954283851605
gat_local,2024,fixed_0.5,0.5,test,48,471,36,0.1463414634146341,0.1666666666666666,0.1558441558441558,0.2088278644027578
gat_local,2024,fixed_0.5,0.5,test,49,476,56,0.0566037735849056,0.0535714285714285,0.055045871559633,0.0818277151872376
gcn_local,7,val_f1,0.84,val,-1,4687,920,0.7399813606710158,0.8630434782608696,0.7967887606623181,0.8768753888514832
gcn_local,7,val_f1,0.84,val,29,1174,329,0.8587570621468926,0.9240121580547112,0.890190336749634,0.9554499272641956
gcn_local,7,val_f1,0.84,val,30,524,83,0.7682926829268293,0.7590361445783133,0.7636363636363637,0.857187898721371
gcn_local,7,val_f1,0.84,val,31,710,106,0.7425742574257426,0.7075471698113207,0.7246376811594203,0.7733388415128537
gcn_local,7,val_f1,0.84,val,32,1323,342,0.7058823529411765,0.8771929824561403,0.7822685788787483,0.8644455241342184
gcn_local,7,val_f1,0.84,val,33,441,23,0.5384615384615384,0.9130434782608696,0.6774193548387096,0.8040513117078699
gcn_local,7,val_f1,0.84,val,34,515,37,0.4305555555555556,0.8378378378378378,0.5688073394495413,0.6584898636126822
gcn_local,7,val_f1,0.84,test,-1,16670,1083,0.2670299727520436,0.6334256694367497,0.3756845564074479,0.3875864664154846
gcn_local,7,val_f1,0.84,test,35,1341,182,0.6160337552742616,0.8021978021978022,0.6968973747016707,0.7677836893675581
gcn_local,7,val_f1,0.84,test,36,1708,33,0.0483193277310924,0.696969696969697,0.0903732809430255,0.0679840974708601
gcn_local,7,val_f1,0.84,test,37,498,40,0.2906976744186046,0.625,0.3968253968253968,0.4955472916481148
gcn_local,7,val_f1,0.84,test,38,756,111,0.6258503401360545,0.8288288288288288,0.7131782945736435,0.6308432329385171
gcn_local,7,val_f1,0.84,test,39,1183,81,0.348314606741573,0.7654320987654321,0.4787644787644787,0.3834829762072085
gcn_local,7,val_f1,0.84,test,40,1211,112,0.4034090909090909,0.6339285714285714,0.4930555555555556,0.4789692434977388
gcn_local,7,val_f1,0.84,test,41,1132,116,0.3966480446927374,0.6120689655172413,0.4813559322033898,0.4680645452121981
gcn_local,7,val_f1,0.84,test,42,2154,239,0.6208053691275168,0.7740585774058577,0.6890130353817505,0.7160514696031067
gcn_local,7,val_f1,0.84,test,43,1370,24,0.0089686098654708,0.0833333333333333,0.0161943319838056,0.0230755890487114
gcn_local,7,val_f1,0.84,test,44,1591,24,0.0157728706624605,0.2083333333333333,0.0293255131964809,0.0689864999711133
gcn_local,7,val_f1,0.84,test,45,1221,5,0.0138888888888888,0.2,0.0259740259740259,0.0213740909282605
gcn_local,7,val_f1,0.84,test,46,712,2,0.0,0.0,0.0,0.0049764502409363
gcn_local,7,val_f1,0.84,test,47,846,22,0.0158730158730158,0.0454545454545454,0.0235294117647058,0.0349376002897688
gcn_local,7,val_f1,0.84,test,48,471,36,0.0,0.0,0.0,0.123539400000289
gcn_local,7,val_f1,0.84,test,49,476,56,0.074074074074074,0.0357142857142857,0.0481927710843373,0.1670180043312422
gcn_local,7,fixed_0.5,0.5,val,-1,4687,920,0.5183459522422831,0.967391304347826,0.6750094804702313,0.8768753888514832
gcn_local,7,fixed_0.5,0.5,val,29,1174,329,0.6916488222698073,0.9817629179331308,0.8115577889447236,0.9554499272641956
gcn_local,7,fixed_0.5,0.5,val,30,524,83,0.5266666666666666,0.9518072289156626,0.6781115879828327,0.857187898721371
gcn_local,7,fixed_0.5,0.5,val,31,710,106,0.4629629629629629,0.9433962264150944,0.6211180124223602,0.7733388415128537
gcn_local,7,fixed_0.5,0.5,val,32,1323,342,0.4984939759036144,0.9678362573099416,0.658051689860835,0.8644455241342184
gcn_local,7,fixed_0.5,0.5,val,33,441,23,0.2876712328767123,0.9130434782608696,0.4375,0.8040513117078699
gcn_local,7,fixed_0.5,0.5,val,34,515,37,0.2448979591836734,0.972972972972973,0.391304347826087,0.6584898636126822
gcn_local,7,fixed_0.5,0.5,test,-1,16670,1083,0.1505129112133003,0.7857802400738689,0.2526347038741279,0.3875864664154846
gcn_local,7,fixed_0.5,0.5,test,35,1341,182,0.3450413223140496,0.9175824175824177,0.5015015015015015,0.7677836893675581
gcn_local,7,fixed_0.5,0.5,test,36,1708,33,0.0311804008908685,0.8484848484848485,0.0601503759398496,0.0679840974708601
gcn_local,7,fixed_0.5,0.5,test,37,498,40,0.1707317073170731,0.7,0.2745098039215686,0.4955472916481148
gcn_local,7,fixed_0.5,0.5,test,38,756,111,0.3691756272401433,0.927927927927928,0.5282051282051282,0.6308432329385171
gcn_local,7,fixed_0.5,0.5,test,39,1183,81,0.2264808362369338,0.8024691358024691,0.3532608695652174,0.3834829762072085
gcn_local,7,fixed_0.5,0.5,test,40,1211,112,0.226950354609929,0.8571428571428571,0.3588785046728971,0.4789692434977388
gcn_local,7,fixed_0.5,0.5,test,41,1132,116,0.2275,0.7844827586206896,0.3527131782945736,0.4680645452121981
gcn_local,7,fixed_0.5,0.5,test,42,2154,239,0.3784722222222222,0.9121338912133892,0.5349693251533743,0.7160514696031067
gcn_local,7,fixed_0.5,0.5,test,43,1370,24,0.0287253141831238,0.6666666666666666,0.0550774526678141,0.0230755890487114
gcn_local,7,fixed_0.5,0.5,test,44,1591,24,0.0238095238095238,0.7083333333333334,0.046070460704607,0.0689864999711133
gcn_local,7,fixed_0.5,0.5,test,45,1221,5,0.0135593220338983,0.8,0.0266666666666666,0.0213740909282605
gcn_local,7,fixed_0.5,0.5,test,46,712,2,0.006578947368421,0.5,0.0129870129870129,0.0049764502409363
gcn_local,7,fixed_0.5,0.5,test,47,846,22,0.0284552845528455,0.3181818181818182,0.0522388059701492,0.0349376002897688
gcn_local,7,fixed_0.5,0.5,test,48,471,36,0.0470588235294117,0.1111111111111111,0.0661157024793388,0.123539400000289
gcn_local,7,fixed_0.5,0.5,test,49,476,56,0.0638297872340425,0.1071428571428571,0.08,0.1670180043312422
sage_local,7,val_f1,0.8899999999999999,val,-1,4687,920,0.870020964360587,0.9021739130434784,0.8858057630736392,0.9331662885529276
sage_local,7,val_f1,0.8899999999999999,val,29,1174,329,0.9579288025889968,0.8996960486322189,0.927899686520376,0.9770387362090228
sage_local,7,val_f1,0.8899999999999999,val,30,524,83,0.8222222222222222,0.891566265060241,0.8554913294797688,0.8740022429537034
sage_local,7,val_f1,0.8899999999999999,val,31,710,106,0.8727272727272727,0.9056603773584906,0.8888888888888888,0.8791173937438765
sage_local,7,val_f1,0.8899999999999999,val,32,1323,342,0.8644986449864499,0.932748538011696,0.8973277074542897,0.9620060676178273
sage_local,7,val_f1,0.8899999999999999,val,33,441,23,0.5769230769230769,0.6521739130434783,0.6122448979591837,0.4322162112673314
sage_local,7,val_f1,0.8899999999999999,val,34,515,37,0.6,0.8108108108108109,0.6896551724137931,0.7430266704751883
sage_local,7,val_f1,0.8899999999999999,test,-1,16670,1083,0.4743311641359363,0.605724838411819,0.5320356853203568,0.4581200517032268
sage_local,7,val_f1,0.8899999999999999,test,35,1341,182,0.7839195979899497,0.8571428571428571,0.8188976377952756,0.8555415601473776
sage_local,7,val_f1,0.8899999999999999,test,36,1708,33,0.3125,0.7575757575757576,0.4424778761061947,0.4271634593324122
sage_local,7,val_f1,0.8899999999999999,test,37,498,40,0.7692307692307693,0.5,0.6060606060606061,0.5654717715784326
sage_local,7,val_f1,0.8899999999999999,test,38,756,111,0.7089552238805971,0.8558558558558559,0.7755102040816326,0.7653026357557073
sage_local,7,val_f1,0.8899999999999999,test,39,1183,81,0.4201680672268907,0.6172839506172839,0.5,0.562310774605653
sage_local,7,val_f1,0.8899999999999999,test,40,1211,112,0.5686274509803921,0.5178571428571429,0.5420560747663551,0.5916330126266833
sage_local,7,val_f1,0.8899999999999999,test,41,1132,116,0.635593220338983,0.646551724137931,0.6410256410256411,0.6786398849230884
sage_local,7,val_f1,0.8899999999999999,test,42,2154,239,0.7899543378995434,0.7238493723849372,0.7554585152838428,0.8367996008069235
sage_local,7,val_f1,0.8899999999999999,test,43,1370,24,0.0,0.0,0.0,0.0199519725494505
sage_local,7,val_f1,0.8899999999999999,test,44,1591,24,0.0196078431372549,0.0833333333333333,0.0317460317460317,0.0304520498103635
sage_local,7,val_f1,0.8899999999999999,test,45,1221,5,0.0,0.0,0.0,0.0150773412807978
sage_local,7,val_f1,0.8899999999999999,test,46,712,2,0.0163934426229508,0.5,0.0317460317460317,0.5133333333333333
sage_local,7,val_f1,0.8899999999999999,test,47,846,22,0.0,0.0,0.0,0.0564760805099137
sage_local,7,val_f1,0.8899999999999999,test,48,471,36,0.0,0.0,0.0,0.2026296960634114
sage_local,7,val_f1,0.8899999999999999,test,49,476,56,0.1428571428571428,0.0178571428571428,0.0317460317460317,0.0805580117058246
sage_local,7,fixed_0.5,0.5,val,-1,4687,920,0.7034700315457413,0.9695652173913044,0.8153564899451554,0.9331662885529276
sage_local,7,fixed_0.5,0.5,val,29,1174,329,0.835509138381201,0.972644376899696,0.898876404494382,0.9770387362090228
sage_local,7,fixed_0.5,0.5,val,30,524,83,0.6956521739130435,0.963855421686747,0.8080808080808081,0.8740022429537034
sage_local,7,fixed_0.5,0.5,val,31,710,106,0.6516129032258065,0.9528301886792452,0.7739463601532567,0.8791173937438765
sage_local,7,fixed_0.5,0.5,val,32,1323,342,0.7164179104477612,0.9824561403508772,0.8286066584463625,0.9620060676178273
sage_local,7,fixed_0.5,0.5,val,33,441,23,0.3958333333333333,0.8260869565217391,0.5352112676056338,0.4322162112673314
sage_local,7,fixed_0.5,0.5,val,34,515,37,0.3673469387755102,0.972972972972973,0.5333333333333333,0.7430266704751883
sage_local,7,fixed_0.5,0.5,test,-1,16670,1083,0.2598639455782313,0.7054478301015698,0.3798160576684066,0.4581200517032268
sage_local,7,fixed_0.5,0.5,test,35,1341,182,0.5384615384615384,0.9615384615384616,0.6903353057199211,0.8555415601473776
sage_local,7,fixed_0.5,0.5,test,36,1708,33,0.0859106529209622,0.7575757575757576,0.1543209876543209,0.4271634593324122
sage_local,7,fixed_0.5,0.5,test,37,498,40,0.4468085106382978,0.525,0.4827586206896552,0.5654717715784326
sage_local,7,fixed_0.5,0.5,test,38,756,111,0.5416666666666666,0.9369369369369368,0.6864686468646864,0.7653026357557073
sage_local,7,fixed_0.5,0.5,test,39,1183,81,0.2744186046511628,0.7283950617283951,0.3986486486486486,0.562310774605653
sage_local,7,fixed_0.5,0.5,test,40,1211,112,0.3048780487804878,0.6696428571428571,0.4189944134078212,0.5916330126266833
sage_local,7,fixed_0.5,0.5,test,41,1132,116,0.3463203463203463,0.6896551724137931,0.4610951008645533,0.6786398849230884
sage_local,7,fixed_0.5,0.5,test,42,2154,239,0.5392953929539296,0.8326359832635983,0.6546052631578947,0.8367996008069235
sage_local,7,fixed_0.5,0.5,test,43,1370,24,0.021021021021021,0.2916666666666667,0.0392156862745098,0.0199519725494505
sage_local,7,fixed_0.5,0.5,test,44,1591,24,0.0262390670553935,0.375,0.0490463215258855,0.0304520498103635
sage_local,7,fixed_0.5,0.5,test,45,1221,5,0.0092592592592592,0.2,0.0176991150442477,0.0150773412807978
sage_local,7,fixed_0.5,0.5,test,46,712,2,0.0185185185185185,1.0,0.0363636363636363,0.5133333333333333
sage_local,7,fixed_0.5,0.5,test,47,846,22,0.0394736842105263,0.1363636363636363,0.0612244897959183,0.0564760805099137
sage_local,7,fixed_0.5,0.5,test,48,471,36,0.2307692307692307,0.0833333333333333,0.1224489795918367,0.2026296960634114
sage_local,7,fixed_0.5,0.5,test,49,476,56,0.0232558139534883,0.0178571428571428,0.0202020202020202,0.0805580117058246
gat_local,7,val_f1,0.7799999999999999,val,-1,4687,920,0.7476459510357816,0.8630434782608696,0.8012108980827447,0.8470935594187224
gat_local,7,val_f1,0.7799999999999999,val,29,1174,329,0.846820809248555,0.8905775075987842,0.8681481481481481,0.8850511393844727
gat_local,7,val_f1,0.7799999999999999,val,30,524,83,0.7710843373493976,0.7710843373493976,0.7710843373493976,0.8378654846318044
gat_local,7,val_f1,0.7799999999999999,val,31,710,106,0.7719298245614035,0.8301886792452831,0.8,0.8294580864699201
gat_local,7,val_f1,0.7799999999999999,val,32,1323,342,0.783641160949868,0.868421052631579,0.8238557558945908,0.8901476167631172
gat_local,7,val_f1,0.7799999999999999,val,33,441,23,0.3877551020408163,0.8260869565217391,0.5277777777777778,0.7026175542691374
gat_local,7,val_f1,0.7799999999999999,val,34,515,37,0.3626373626373626,0.8918918918918919,0.515625,0.6473657763081747
gat_local,7,val_f1,0.7799999999999999,test,-1,16670,1083,0.2664640324214792,0.7285318559556787,0.3902077151335311,0.4758261351068575
gat_local,7,val_f1,0.7799999999999999,test,35,1341,182,0.6218181818181818,0.9395604395604396,0.7483588621444202,0.903735455513016
gat_local,7,val_f1,0.7799999999999999,test,36,1708,33,0.0803324099722991,0.8787878787878788,0.1472081218274111,0.2030950045173487
gat_local,7,val_f1,0.7799999999999999,test,37,498,40,0.4153846153846154,0.675,0.5142857142857142,0.5383663497940258
gat_local,7,val_f1,0.7799999999999999,test,38,756,111,0.5,0.8108108108108109,0.6185567010309279,0.5903369427235514
gat_local,7,val_f1,0.7799999999999999,test,39,1183,81,0.3468468468468468,0.9506172839506172,0.5082508250825083,0.72220750296131
gat_local,7,val_f1,0.7799999999999999,test,40,1211,112,0.2596153846153846,0.7232142857142857,0.3820754716981132,0.4884153963537998
gat_local,7,val_f1,0.7799999999999999,test,41,1132,116,0.3918367346938775,0.8275862068965517,0.5318559556786704,0.7505542637537229
gat_local,7,val_f1,0.7799999999999999,test,42,2154,239,0.4152892561983471,0.8410041841004184,0.5560165975103735,0.736577012612264
gat_local,7,val_f1,0.7799999999999999,test,43,1370,24,0.0097402597402597,0.125,0.0180722891566265,0.0194770206598451
gat_local,7,val_f1,0.7799999999999999,test,44,1591,24,0.0124223602484472,0.0833333333333333,0.0216216216216216,0.0231338809245251
gat_local,7,val_f1,0.7799999999999999,test,45,1221,5,0.0,0.0,0.0,0.0143647340109909
gat_local,7,val_f1,0.7799999999999999,test,46,712,2,0.0145985401459854,1.0,0.0287769784172661,0.53125
gat_local,7,val_f1,0.7799999999999999,test,47,846,22,0.0,0.0,0.0,0.0286064259406434
gat_local,7,val_f1,0.7799999999999999,test,48,471,36,0.2564102564102564,0.2777777777777778,0.2666666666666666,0.2532257456908898
gat_local,7,val_f1,0.7799999999999999,test,49,476,56,0.0,0.0,0.0,0.1574095437553913
gat_local,7,fixed_0.5,0.5,val,-1,4687,920,0.5619047619047619,0.9619565217391304,0.7094188376753507,0.8470935594187224
gat_local,7,fixed_0.5,0.5,val,29,1174,329,0.735632183908046,0.972644376899696,0.837696335078534,0.8850511393844727
gat_local,7,fixed_0.5,0.5,val,30,524,83,0.5634920634920635,0.8554216867469879,0.6794258373205742,0.8378654846318044
gat_local,7,fixed_0.5,0.5,val,31,710,106,0.5309278350515464,0.9716981132075472,0.6866666666666666,0.8294580864699201
gat_local,7,fixed_0.5,0.5,val,32,1323,342,0.5890652557319224,0.9766081871345028,0.7348734873487349,0.8901476167631172
gat_local,7,fixed_0.5,0.5,val,33,441,23,0.2625,0.9130434782608696,0.4077669902912621,0.7026175542691374
gat_local,7,fixed_0.5,0.5,val,34,515,37,0.2080924855491329,0.972972972972973,0.3428571428571428,0.6473657763081747
gat_local,7,fixed_0.5,0.5,test,-1,16670,1083,0.1641872278664731,0.8356417359187442,0.2744503411675512,0.4758261351068575
gat_local,7,fixed_0.5,0.5,test,35,1341,182,0.3874458874458874,0.9835164835164836,0.5559006211180124,0.903735455513016
gat_local,7,fixed_0.5,0.5,test,36,1708,33,0.0450819672131147,1.0,0.0862745098039215,0.2030950045173487
gat_local,7,fixed_0.5,0.5,test,37,498,40,0.2372881355932203,0.7,0.3544303797468354,0.5383663497940258
gat_local,7,fixed_0.5,0.5,test,38,756,111,0.3919413919413919,0.963963963963964,0.5572916666666666,0.5903369427235514
gat_local,7,fixed_0.5,0.5,test,39,1183,81,0.2393939393939393,0.9753086419753086,0.3844282238442822,0.72220750296131
gat_local,7,fixed_0.5,0.5,test,40,1211,112,0.1846758349705304,0.8392857142857143,0.3027375201288245,0.4884153963537998
gat_local,7,fixed_0.5,0.5,test,41,1132,116,0.2352941176470588,0.9310344827586208,0.3756521739130434,0.7505542637537229
gat_local,7,fixed_0.5,0.5,test,42,2154,239,0.2780678851174935,0.891213389121339,0.4238805970149253,0.736577012612264
gat_local,7,fixed_0.5,0.5,test,43,1370,24,0.0227272727272727,0.5,0.0434782608695652,0.0194770206598451
gat_local,7,fixed_0.5,0.5,test,44,1591,24,0.0272904483430799,0.5833333333333334,0.0521415270018622,0.0231338809245251
gat_local,7,fixed_0.5,0.5,test,45,1221,5,0.015228426395939,0.6,0.0297029702970297,0.0143647340109909
gat_local,7,fixed_0.5,0.5,test,46,712,2,0.0079051383399209,1.0,0.0156862745098039,0.53125
gat_local,7,fixed_0.5,0.5,test,47,846,22,0.0173160173160173,0.1818181818181818,0.0316205533596837,0.0286064259406434
gat_local,7,fixed_0.5,0.5,test,48,471,36,0.25,0.5277777777777778,0.3392857142857143,0.2532257456908898
gat_local,7,fixed_0.5,0.5,test,49,476,56,0.1538461538461538,0.1785714285714285,0.1652892561983471,0.1574095437553913
gcn_local,11,val_f1,0.8599999999999999,val,-1,4687,920,0.7720430107526882,0.7804347826086957,0.7762162162162162,0.8509045607031414
gcn_local,11,val_f1,0.8599999999999999,val,29,1174,329,0.8899082568807339,0.8844984802431611,0.8871951219512195,0.9510904853070375
gcn_local,11,val_f1,0.8599999999999999,val,30,524,83,0.7792207792207793,0.7228915662650602,0.75,0.8396592769448887
gcn_local,11,val_f1,0.8599999999999999,val,31,710,106,0.7868852459016393,0.4528301886792453,0.5748502994011976,0.7079552191271682
gcn_local,11,val_f1,0.8599999999999999,val,32,1323,342,0.7292225201072386,0.7953216374269005,0.7608391608391608,0.8343248280092337
gcn_local,11,val_f1,0.8599999999999999,val,33,441,23,0.5882352941176471,0.8695652173913043,0.7017543859649122,0.8111352392294601
gcn_local,11,val_f1,0.8599999999999999,val,34,515,37,0.4655172413793103,0.7297297297297297,0.5684210526315789,0.6487534653480022
gcn_local,11,val_f1,0.8599999999999999,test,-1,16670,1083,0.3293130571578395,0.579870729455217,0.420066889632107,0.4491116064006173
gcn_local,11,val_f1,0.8599999999999999,test,35,1341,182,0.6699029126213593,0.7582417582417582,0.711340206185567,0.7503244444846807
gcn_local,11,val_f1,0.8599999999999999,test,36,1708,33,0.048780487804878,0.4848484848484848,0.0886426592797784,0.0716215471972908
gcn_local,11,val_f1,0.8599999999999999,test,37,498,40,0.6111111111111112,0.55,0.5789473684210527,0.552225511469071
gcn_local,11,val_f1,0.8599999999999999,test,38,756,111,0.6428571428571429,0.7297297297297297,0.6835443037974683,0.6424196613077138
gcn_local,11,val_f1,0.8599999999999999,test,39,1183,81,0.390728476821192,0.7283950617283951,0.5086206896551724,0.3886659140687026
gcn_local,11,val_f1,0.8599999999999999,test,40,1211,112,0.4360902255639097,0.5178571428571429,0.473469387755102,0.4880571707545744
gcn_local,11,val_f1,0.8599999999999999,test,41,1132,116,0.4817518248175182,0.5689655172413793,0.5217391304347826,0.5218629128486972
gcn_local,11,val_f1,0.8599999999999999,test,42,2154,239,0.6893939393939394,0.7615062761506276,0.7236580516898609,0.8022456427479767
gcn_local,11,val_f1,0.8599999999999999,test,43,1370,24,0.009090909090909,0.0416666666666666,0.0149253731343283,0.0278529005060198
gcn_local,11,val_f1,0.8599999999999999,test,44,1591,24,0.0112781954887218,0.125,0.0206896551724137,0.0864635090237188
gcn_local,11,val_f1,0.8599999999999999,test,45,1221,5,0.0178571428571428,0.2,0.0327868852459016,0.0206207251640688
gcn_local,11,val_f1,0.8599999999999999,test,46,712,2,0.0,0.0,0.0,0.0046523399751507
gcn_local,11,val_f1,0.8599999999999999,test,47,846,22,0.0,0.0,0.0,0.0334030729266407
gcn_local,11,val_f1,0.8599999999999999,test,48,471,36,0.0,0.0,0.0,0.1180813892665006
gcn_local,11,val_f1,0.8599999999999999,test,49,476,56,0.05,0.0178571428571428,0.0263157894736842,0.1462719164890371
gcn_local,11,fixed_0.5,0.5,val,-1,4687,920,0.5225385527876631,0.957608695652174,0.6761320030698388,0.8509045607031414
gcn_local,11,fixed_0.5,0.5,val,29,1174,329,0.7008733624454149,0.9756838905775076,0.8157560355781448,0.9510904853070375
gcn_local,11,fixed_0.5,0.5,val,30,524,83,0.5273972602739726,0.927710843373494,0.6724890829694323,0.8396592769448887
gcn_local,11,fixed_0.5,0.5,val,31,710,106,0.4874371859296482,0.9150943396226416,0.6360655737704918,0.7079552191271682
gcn_local,11,fixed_0.5,0.5,val,32,1323,342,0.4932735426008968,0.9649122807017544,0.6528189910979229,0.8343248280092337
gcn_local,11,fixed_0.5,0.5,val,33,441,23,0.2957746478873239,0.9130434782608696,0.4468085106382978,0.8111352392294601
gcn_local,11,fixed_0.5,0.5,val,34,515,37,0.2447552447552447,0.945945945945946,0.3888888888888889,0.6487534653480022
gcn_local,11,fixed_0.5,0.5,test,-1,16670,1083,0.1658864237736617,0.752539242843952,0.271847898599066,0.4491116064006173
gcn_local,11,fixed_0.5,0.5,test,35,1341,182,0.3862559241706161,0.8956043956043956,0.5397350993377483,0.7503244444846807
gcn_local,11,fixed_0.5,0.5,test,36,1708,33,0.0304568527918781,0.7272727272727273,0.0584652862362971,0.0716215471972908
gcn_local,11,fixed_0.5,0.5,test,37,498,40,0.1891891891891892,0.7,0.2978723404255319,0.552225511469071
gcn_local,11,fixed_0.5,0.5,test,38,756,111,0.3976377952755905,0.90990990990991,0.5534246575342465,0.6424196613077138
gcn_local,11,fixed_0.5,0.5,test,39,1183,81,0.2415094339622641,0.7901234567901234,0.3699421965317919,0.3886659140687026
gcn_local,11,fixed_0.5,0.5,test,40,1211,112,0.2472826086956521,0.8125,0.3791666666666666,0.4880571707545744
gcn_local,11,fixed_0.5,0.5,test,41,1132,116,0.2465753424657534,0.7758620689655172,0.3742203742203742,0.5218629128486972
gcn_local,11,fixed_0.5,0.5,test,42,2154,239,0.3915441176470588,0.891213389121339,0.5440613026819924,0.8022456427479767
gcn_local,11,fixed_0.5,0.5,test,43,1370,24,0.0274725274725274,0.4166666666666667,0.0515463917525773,0.0278529005060198
gcn_local,11,fixed_0.5,0.5,test,44,1591,24,0.018978102189781,0.5416666666666666,0.0366713681241184,0.0864635090237188
gcn_local,11,fixed_0.5,0.5,test,45,1221,5,0.0156862745098039,0.8,0.0307692307692307,0.0206207251640688
gcn_local,11,fixed_0.5,0.5,test,46,712,2,0.0,0.0,0.0,0.0046523399751507
gcn_local,11,fixed_0.5,0.5,test,47,846,22,0.0217391304347826,0.1818181818181818,0.0388349514563106,0.0334030729266407
gcn_local,11,fixed_0.5,0.5,test,48,471,36,0.0454545454545454,0.0833333333333333,0.0588235294117647,0.1180813892665006
gcn_local,11,fixed_0.5,0.5,test,49,476,56,0.0864197530864197,0.125,0.1021897810218978,0.1462719164890371
sage_local,11,val_f1,0.8699999999999999,val,-1,4687,920,0.880085653104925,0.8934782608695652,0.8867313915857605,0.9410708828381444
sage_local,11,val_f1,0.8699999999999999,val,29,1174,329,0.9641693811074918,0.8996960486322189,0.9308176100628932,0.9769982126954632
sage_local,11,val_f1,0.8699999999999999,val,30,524,83,0.8488372093023255,0.8795180722891566,0.863905325443787,0.9002592554172308
sage_local,11,val_f1,0.8699999999999999,val,31,710,106,0.8672566371681416,0.9245283018867924,0.8949771689497716,0.8963952357677042
sage_local,11,val_f1,0.8699999999999999,val,32,1323,342,0.8870056497175142,0.9181286549707602,0.9022988505747126,0.963099751478787
sage_local,11,val_f1,0.8699999999999999,val,33,441,23,0.48,0.5217391304347826,0.5,0.4609512603474267
sage_local,11,val_f1,0.8699999999999999,val,34,515,37,0.5918367346938775,0.7837837837837838,0.6744186046511628,0.7981913289125746
sage_local,11,val_f1,0.8699999999999999,test,-1,16670,1083,0.4029666254635352,0.6020313942751616,0.4827841540170307,0.3952818758144141
sage_local,11,val_f1,0.8699999999999999,test,35,1341,182,0.8031088082901554,0.8516483516483516,0.8266666666666667,0.8873213456005303
sage_local,11,val_f1,0.8699999999999999,test,36,1708,33,0.2083333333333333,0.6060606060606061,0.3100775193798449,0.447533056227052
sage_local,11,val_f1,0.8699999999999999,test,37,498,40,0.8636363636363636,0.475,0.6129032258064516,0.6088917064166713
sage_local,11,val_f1,0.8699999999999999,test,38,756,111,0.7377049180327869,0.8108108108108109,0.7725321888412017,0.8097936713535744
sage_local,11,val_f1,0.8699999999999999,test,39,1183,81,0.4,0.5185185185185185,0.4516129032258064,0.4505221391632188
sage_local,11,val_f1,0.8699999999999999,test,40,1211,112,0.4038461538461538,0.5625,0.4701492537313433,0.5647280317561904
sage_local,11,val_f1,0.8699999999999999,test,41,1132,116,0.5071428571428571,0.6120689655172413,0.5546875,0.6379111497437984
sage_local,11,val_f1,0.8699999999999999,test,42,2154,239,0.72265625,0.7740585774058577,0.7474747474747475,0.8448401273079567
sage_local,11,val_f1,0.8699999999999999,test,43,1370,24,0.0078125,0.0833333333333333,0.0142857142857142,0.0202309437593069
sage_local,11,val_f1,0.8699999999999999,test,44,1591,24,0.008130081300813,0.0416666666666666,0.0136054421768707,0.030688986353553
sage_local,11,val_f1,0.8699999999999999,test,45,1221,5,0.05,0.2,0.08,0.0357969177761627
sage_local,11,val_f1,0.8699999999999999,test,46,712,2,0.0136986301369863,0.5,0.0266666666666666,0.014525835235526
sage_local,11,val_f1,0.8699999999999999,test,47,846,22,0.0,0.0,0.0,0.0492497068130748
sage_local,11,val_f1,0.8699999999999999,test,48,471,36,0.2,0.0277777777777777,0.048780487804878,0.1966530524131007
sage_local,11,val_f1,0.8699999999999999,test,49,476,56,0.1428571428571428,0.0178571428571428,0.0317460317460317,0.0827897175847745
sage_local,11,fixed_0.5,0.5,val,-1,4687,920,0.7457627118644068,0.9565217391304348,0.8380952380952381,0.9410708828381444
sage_local,11,fixed_0.5,0.5,val,29,1174,329,0.8756906077348067,0.9635258358662614,0.9175108538350216,0.9769982126954632
sage_local,11,fixed_0.5,0.5,val,30,524,83,0.7155963302752294,0.9397590361445785,0.8125,0.9002592554172308
sage_local,11,fixed_0.5,0.5,val,31,710,106,0.7071428571428572,0.9339622641509434,0.8048780487804879,0.8963952357677042
sage_local,11,fixed_0.5,0.5,val,32,1323,342,0.7636363636363637,0.9824561403508772,0.8593350383631714,0.963099751478787
sage_local,11,fixed_0.5,0.5,val,33,441,23,0.3902439024390244,0.6956521739130435,0.5,0.4609512603474267
sage_local,11,fixed_0.5,0.5,val,34,515,37,0.3863636363636363,0.918918918918919,0.544,0.7981913289125746
sage_local,11,fixed_0.5,0.5,test,-1,16670,1083,0.2658875091307524,0.6722068328716528,0.3810520806071709,0.3952818758144141
sage_local,11,fixed_0.5,0.5,test,35,1341,182,0.5699300699300699,0.8956043956043956,0.6965811965811965,0.8873213456005303
sage_local,11,fixed_0.5,0.5,test,36,1708,33,0.0867768595041322,0.6363636363636364,0.1527272727272727,0.447533056227052
sage_local,11,fixed_0.5,0.5,test,37,498,40,0.475,0.475,0.475,0.6088917064166713
sage_local,11,fixed_0.5,0.5,test,38,756,111,0.5818181818181818,0.8648648648648649,0.6956521739130435,0.8097936713535744
sage_local,11,fixed_0.5,0.5,test,39,1183,81,0.2921348314606741,0.6419753086419753,0.4015444015444015,0.4505221391632188
sage_local,11,fixed_0.5,0.5,test,40,1211,112,0.291970802919708,0.7142857142857143,0.4145077720207253,0.5647280317561904
sage_local,11,fixed_0.5,0.5,test,41,1132,116,0.3537735849056603,0.646551724137931,0.4573170731707317,0.6379111497437984
sage_local,11,fixed_0.5,0.5,test,42,2154,239,0.5518207282913166,0.8242677824267782,0.6610738255033557,0.8448401273079567
sage_local,11,fixed_0.5,0.5,test,43,1370,24,0.0166666666666666,0.25,0.03125,0.0202309437593069
sage_local,11,fixed_0.5,0.5,test,44,1591,24,0.0354609929078014,0.4166666666666667,0.065359477124183,0.030688986353553
sage_local,11,fixed_0.5,0.5,test,45,1221,5,0.0227272727272727,0.4,0.043010752688172,0.0357969177761627
sage_local,11,fixed_0.5,0.5,test,46,712,2,0.0093457943925233,0.5,0.018348623853211,0.014525835235526
sage_local,11,fixed_0.5,0.5,test,47,846,22,0.0196078431372549,0.0909090909090909,0.032258064516129,0.0492497068130748
sage_local,11,fixed_0.5,0.5,test,48,471,36,0.1428571428571428,0.0555555555555555,0.08,0.1966530524131007
sage_local,11,fixed_0.5,0.5,test,49,476,56,0.064516129032258,0.0357142857142857,0.0459770114942528,0.0827897175847745
gat_local,11,val_f1,0.82,val,-1,4687,920,0.8127615062761506,0.8445652173913043,0.8283582089552238,0.8988438913056963
gat_local,11,val_f1,0.82,val,29,1174,329,0.9076923076923076,0.8966565349544073,0.9021406727828746,0.9581293773666448
gat_local,11,val_f1,0.82,val,30,524,83,0.7159090909090909,0.7590361445783133,0.7368421052631579,0.8527898981434118
gat_local,11,val_f1,0.82,val,31,710,106,0.8018867924528302,0.8018867924528302,0.8018867924528302,0.8347817755431991
gat_local,11,val_f1,0.82,val,32,1323,342,0.814404432132964,0.8596491228070176,0.8364153627311522,0.908789858019538
gat_local,11,val_f1,0.82,val,33,441,23,0.4583333333333333,0.4782608695652174,0.4680851063829787,0.5308690889501874
gat_local,11,val_f1,0.82,val,34,515,37,0.5576923076923077,0.7837837837837838,0.651685393258427,0.6698025698729587
gat_local,11,val_f1,0.82,test,-1,16670,1083,0.4504249291784702,0.5872576177285319,0.5098196392785571,0.5512960245546423
gat_local,11,val_f1,0.82,test,35,1341,182,0.7877358490566038,0.9175824175824177,0.8477157360406091,0.9255113153207546
gat_local,11,val_f1,0.82,test,36,1708,33,0.1559633027522936,0.5151515151515151,0.2394366197183098,0.2279387090519296
gat_local,11,val_f1,0.82,test,37,498,40,0.6428571428571429,0.45,0.5294117647058824,0.6109209654346335
gat_local,11,val_f1,0.82,test,38,756,111,0.627906976744186,0.4864864864864865,0.5482233502538071,0.5796678125323391
gat_local,11,val_f1,0.82,test,39,1183,81,0.4022988505747126,0.8641975308641975,0.5490196078431373,0.7042547813651724
gat_local,11,val_f1,0.82,test,40,1211,112,0.4942528735632184,0.3839285714285714,0.4321608040201005,0.515465964449683
gat_local,11,val_f1,0.82,test,41,1132,116,0.5902777777777778,0.7327586206896551,0.6538461538461539,0.7827677579892749
gat_local,11,val_f1,0.82,test,42,2154,239,0.7447698744769874,0.7447698744769874,0.7447698744769874,0.8180720438235171
gat_local,11,val_f1,0.82,test,43,1370,24,0.0,0.0,0.0,0.0199364106867569
gat_local,11,val_f1,0.82,test,44,1591,24,0.0194174757281553,0.0833333333333333,0.0314960629921259,0.0281001972248315
gat_local,11,val_f1,0.82,test,45,1221,5,0.0,0.0,0.0,0.0149995460471103
gat_local,11,val_f1,0.82,test,46,712,2,0.0,0.0,0.0,0.006310411488539
gat_local,11,val_f1,0.82,test,47,846,22,0.0,0.0,0.0,0.0329565099627267
gat_local,11,val_f1,0.82,test,48,471,36,0.5,0.0555555555555555,0.1,0.2133602970724105
gat_local,11,val_f1,0.82,test,49,476,56,0.0,0.0,0.0,0.1132134846445742
gat_local,11,fixed_0.5,0.5,val,-1,4687,920,0.6437454279444038,0.9565217391304348,0.7695671184958461,0.8988438913056963
gat_local,11,fixed_0.5,0.5,val,29,1174,329,0.7890818858560794,0.9665653495440728,0.8688524590163934,0.9581293773666448
gat_local,11,fixed_0.5,0.5,val,30,524,83,0.6229508196721312,0.9156626506024096,0.7414634146341463,0.8527898981434118
gat_local,11,fixed_0.5,0.5,val,31,710,106,0.6273291925465838,0.9528301886792452,0.7565543071161048,0.8347817755431991
gat_local,11,fixed_0.5,0.5,val,32,1323,342,0.630188679245283,0.9766081871345028,0.7660550458715596,0.908789858019538
gat_local,11,fixed_0.5,0.5,val,33,441,23,0.391304347826087,0.782608695652174,0.5217391304347826,0.5308690889501874
gat_local,11,fixed_0.5,0.5,val,34,515,37,0.3142857142857143,0.8918918918918919,0.4647887323943662,0.6698025698729587
gat_local,11,fixed_0.5,0.5,test,-1,16670,1083,0.2425558312655087,0.7220683287165282,0.3631297887160436,0.5512960245546423
gat_local,11,fixed_0.5,0.5,test,35,1341,182,0.5071225071225072,0.978021978021978,0.6679174484052532,0.9255113153207546
gat_local,11,fixed_0.5,0.5,test,36,1708,33,0.0619718309859154,0.6666666666666666,0.1134020618556701,0.2279387090519296
gat_local,11,fixed_0.5,0.5,test,37,498,40,0.5333333333333333,0.6,0.5647058823529412,0.6109209654346335
gat_local,11,fixed_0.5,0.5,test,38,756,111,0.4819277108433735,0.7207207207207207,0.5776173285198556,0.5796678125323391
gat_local,11,fixed_0.5,0.5,test,39,1183,81,0.2636986301369863,0.9506172839506172,0.4128686327077748,0.7042547813651724
gat_local,11,fixed_0.5,0.5,test,40,1211,112,0.3301435406698564,0.6160714285714286,0.4299065420560747,0.515465964449683
gat_local,11,fixed_0.5,0.5,test,41,1132,116,0.3529411764705882,0.8793103448275862,0.5037037037037037,0.7827677579892749
gat_local,11,fixed_0.5,0.5,test,42,2154,239,0.4668192219679634,0.8535564853556485,0.6035502958579881,0.8180720438235171
gat_local,11,fixed_0.5,0.5,test,43,1370,24,0.0135593220338983,0.1666666666666666,0.0250783699059561,0.0199364106867569
gat_local,11,fixed_0.5,0.5,test,44,1591,24,0.0247252747252747,0.375,0.0463917525773195,0.0281001972248315
gat_local,11,fixed_0.5,0.5,test,45,1221,5,0.0208333333333333,0.6,0.0402684563758389,0.0149995460471103
gat_local,11,fixed_0.5,0.5,test,46,712,2,0.0092592592592592,0.5,0.0181818181818181,0.006310411488539
gat_local,11,fixed_0.5,0.5,test,47,846,22,0.0097087378640776,0.0454545454545454,0.016,0.0329565099627267
gat_local,11,fixed_0.5,0.5,test,48,471,36,0.2,0.1388888888888889,0.1639344262295081,0.2133602970724105
gat_local,11,fixed_0.5,0.5,test,49,476,56,0.073170731707317,0.0535714285714285,0.0618556701030927,0.1132134846445742
rf_all,42,val_f1,0.2699999999999999,val,-1,4687,920,0.976536312849162,0.95,0.9630853994490358,0.9890796185375096
rf_all,42,val_f1,0.2699999999999999,val,29,1174,329,0.9745222929936306,0.9300911854103344,0.9517884914463453,0.9915755252888137
rf_all,42,val_f1,0.2699999999999999,val,30,524,83,0.9743589743589745,0.9156626506024096,0.9440993788819876,0.9768482026397745
rf_all,42,val_f1,0.2699999999999999,val,31,710,106,0.971153846153846,0.9528301886792452,0.961904761904762,0.985049723423018
rf_all,42,val_f1,0.2699999999999999,val,32,1323,342,0.9768115942028984,0.9853801169590644,0.9810771470160116,0.9988732959604096
rf_all,42,val_f1,0.2699999999999999,val,33,441,23,1.0,0.8260869565217391,0.9047619047619048,0.9356486390950864
rf_all,42,val_f1,0.2699999999999999,val,34,515,37,1.0,0.945945945945946,0.9722222222222222,0.9967824967824968
rf_all,42,val_f1,0.2699999999999999,test,-1,16670,1083,0.8854524627720504,0.7137580794090489,0.7903885480572597,0.783897670517288
rf_all,42,val_f1,0.2699999999999999,test,35,1341,182,0.967032967032967,0.967032967032967,0.967032967032967,0.9902973125751322
rf_all,42,val_f1,0.2699999999999999,test,36,1708,33,0.8,0.9696969696969696,0.8767123287671232,0.990909090909091
rf_all,42,val_f1,0.2699999999999999,test,37,498,40,0.925925925925926,0.625,0.746268656716418,0.8282273628848914
rf_all,42,val_f1,0.2699999999999999,test,38,756,111,0.970873786407767,0.9009009009009008,0.9345794392523364,0.9553747302634484
rf_all,42,val_f1,0.2699999999999999,test,39,1183,81,0.9733333333333334,0.9012345679012346,0.935897435897436,0.954498100151949
rf_all,42,val_f1,0.2699999999999999,test,40,1211,112,0.9861111111111112,0.6339285714285714,0.7717391304347826,0.7505910082360813
rf_all,42,val_f1,0.2699999999999999,test,41,1132,116,0.981132075471698,0.896551724137931,0.9369369369369368,0.9590958965331268
rf_all,42,val_f1,0.2699999999999999,test,42,2154,239,0.945,0.7907949790794979,0.8610478359908884,0.8759688085259211
rf_all,42,val_f1,0.2699999999999999,test,43,1370,24,0.0,0.0,0.0,0.0343701492172705
rf_all,42,val_f1,0.2699999999999999,test,44,1591,24,0.0434782608695652,0.0416666666666666,0.0425531914893617,0.0345329092249877
rf_all,42,val_f1,0.2699999999999999,test,45,1221,5,0.0,0.0,0.0,0.0078154061640583
rf_all,42,val_f1,0.2699999999999999,test,46,712,2,0.125,0.5,0.2,0.505464480874317
rf_all,42,val_f1,0.2699999999999999,test,47,846,22,0.0,0.0,0.0,0.0334497840707274
rf_all,42,val_f1,0.2699999999999999,test,48,471,36,0.0,0.0,0.0,0.1518056051545127
rf_all,42,val_f1,0.2699999999999999,test,49,476,56,0.125,0.0178571428571428,0.03125,0.2484871712132655
rf_all,42,fixed_0.5,0.5,val,-1,4687,920,0.9927095990279464,0.8880434782608696,0.9374641422834192,0.9890796185375096
rf_all,42,fixed_0.5,0.5,val,29,1174,329,0.9931972789115646,0.8875379939209727,0.9373996789727128,0.9915755252888137
rf_all,42,fixed_0.5,0.5,val,30,524,83,0.9859154929577464,0.8433734939759037,0.9090909090909092,0.9768482026397745
rf_all,42,fixed_0.5,0.5,val,31,710,106,0.979591836734694,0.9056603773584906,0.9411764705882352,0.985049723423018
rf_all,42,fixed_0.5,0.5,val,32,1323,342,0.9968652037617556,0.9298245614035088,0.962178517397882,0.9988732959604096
rf_all,42,fixed_0.5,0.5,val,33,441,23,1.0,0.6956521739130435,0.8205128205128205,0.9356486390950864
rf_all,42,fixed_0.5,0.5,val,34,515,37,1.0,0.6756756756756757,0.8064516129032258,0.9967824967824968
rf_all,42,fixed_0.5,0.5,test,-1,16670,1083,0.9930191972076788,0.5253924284395198,0.6871980676328503,0.783897670517288
rf_all,42,fixed_0.5,0.5,test,35,1341,182,1.0,0.8351648351648352,0.9101796407185628,0.9902973125751322
rf_all,42,fixed_0.5,0.5,test,36,1708,33,1.0,0.696969696969697,0.8214285714285714,0.990909090909091
rf_all,42,fixed_0.5,0.5,test,37,498,40,1.0,0.5,0.6666666666666666,0.8282273628848914
rf_all,42,fixed_0.5,0.5,test,38,756,111,1.0,0.5585585585585585,0.7167630057803468,0.9553747302634484
rf_all,42,fixed_0.5,0.5,test,39,1183,81,1.0,0.4074074074074074,0.5789473684210527,0.954498100151949
rf_all,42,fixed_0.5,0.5,test,40,1211,112,1.0,0.4910714285714285,0.6586826347305389,0.7505910082360813
rf_all,42,fixed_0.5,0.5,test,41,1132,116,1.0,0.5172413793103449,0.6818181818181818,0.9590958965331268
rf_all,42,fixed_0.5,0.5,test,42,2154,239,1.0,0.6778242677824268,0.8079800498753117,0.8759688085259211
rf_all,42,fixed_0.5,0.5,test,43,1370,24,,0.0,0.0,0.0343701492172705
rf_all,42,fixed_0.5,0.5,test,44,1591,24,0.25,0.0416666666666666,0.0714285714285714,0.0345329092249877
rf_all,42,fixed_0.5,0.5,test,45,1221,5,0.0,0.0,0.0,0.0078154061640583
rf_all,42,fixed_0.5,0.5,test,46,712,2,1.0,0.5,0.6666666666666666,0.505464480874317
rf_all,42,fixed_0.5,0.5,test,47,846,22,,0.0,0.0,0.0334497840707274
rf_all,42,fixed_0.5,0.5,test,48,471,36,,0.0,0.0,0.1518056051545127
rf_all,42,fixed_0.5,0.5,test,49,476,56,,0.0,0.0,0.2484871712132655
rf_local,42,val_f1,0.3199999999999999,val,-1,4687,920,0.9634146341463414,0.9445652173913044,0.9538968166849616,0.9872064545760522
rf_local,42,val_f1,0.3199999999999999,val,29,1174,329,0.9806451612903224,0.9240121580547112,0.9514866979655712,0.9905262856531764
rf_local,42,val_f1,0.3199999999999999,val,30,524,83,0.9390243902439024,0.927710843373494,0.9333333333333332,0.974075223331832
rf_local,42,val_f1,0.3199999999999999,val,31,710,106,0.90990990990991,0.9528301886792452,0.9308755760368664,0.9838947987051676
rf_local,42,val_f1,0.3199999999999999,val,32,1323,342,0.9794721407624634,0.9766081871345028,0.9780380673499268,0.9979143611145732
rf_local,42,val_f1,0.3199999999999999,val,33,441,23,0.9047619047619048,0.8260869565217391,0.8636363636363636,0.8883915908833784
rf_local,42,val_f1,0.3199999999999999,val,34,515,37,0.918918918918919,0.918918918918919,0.918918918918919,0.9799047153094907
rf_local,42,val_f1,0.3199999999999999,test,-1,16670,1083,0.7782217782217782,0.7192982456140351,0.7476007677543186,0.7759580302946972
rf_local,42,val_f1,0.3199999999999999,test,35,1341,182,0.945054945054945,0.945054945054945,0.945054945054945,0.9865259168963604
rf_local,42,val_f1,0.3199999999999999,test,36,1708,33,0.5714285714285714,0.9696969696969696,0.7191011235955056,0.9800248859530344
rf_local,42,val_f1,0.3199999999999999,test,37,498,40,0.9642857142857144,0.675,0.7941176470588235,0.7922839279060535
rf_local,42,val_f1,0.3199999999999999,test,38,756,111,0.9345794392523364,0.9009009009009008,0.9174311926605504,0.94745328963673
rf_local,42,val_f1,0.3199999999999999,test,39,1183,81,0.8241758241758241,0.925925925925926,0.872093023255814,0.9497542571724444
rf_local,42,val_f1,0.3199999999999999,test,40,1211,112,0.7422680412371134,0.6428571428571429,0.6889952153110048,0.7395499830333031
rf_local,42,val_f1,0.3199999999999999,test,41,1132,116,0.8770491803278688,0.9224137931034484,0.8991596638655462,0.9528520700146424
rf_local,42,val_f1,0.3199999999999999,test,42,2154,239,0.8761467889908257,0.799163179916318,0.8358862144420132,0.8758628986575934
rf_local,42,val_f1,0.3199999999999999,test,43,1370,24,0.0,0.0,0.0,0.0364566452385504
rf_local,42,val_f1,0.3199999999999999,test,44,1591,24,0.025,0.0416666666666666,0.03125,0.0757346366701633
rf_local,42,val_f1,0.3199999999999999,test,45,1221,5,0.0,0.0,0.0,0.0075879481444497
rf_local,42,val_f1,0.3199999999999999,test,46,712,2,0.0666666666666666,0.5,0.1176470588235294,0.5055555555555555
rf_local,42,val_f1,0.3199999999999999,test,47,846,22,0.0,0.0,0.0,0.0219803982577255
rf_local,42,val_f1,0.3199999999999999,test,48,471,36,0.0,0.0,0.0,0.0810225505846578
rf_local,42,val_f1,0.3199999999999999,test,49,476,56,0.1,0.0178571428571428,0.0303030303030303,0.1505035001324504
rf_local,42,fixed_0.5,0.5,val,-1,4687,920,0.9880810488676997,0.9010869565217392,0.9425810119386014,0.9872064545760522
rf_local,42,fixed_0.5,0.5,val,29,1174,329,0.9932659932659932,0.8966565349544073,0.9424920127795527,0.9905262856531764
rf_local,42,fixed_0.5,0.5,val,30,524,83,0.958904109589041,0.8433734939759037,0.8974358974358975,0.974075223331832
rf_local,42,fixed_0.5,0.5,val,31,710,106,0.979591836734694,0.9056603773584906,0.9411764705882352,0.9838947987051676
rf_local,42,fixed_0.5,0.5,val,32,1323,342,0.9968944099378882,0.9385964912280702,0.966867469879518,0.9979143611145732
rf_local,42,fixed_0.5,0.5,val,33,441,23,0.9473684210526316,0.782608695652174,0.8571428571428571,0.8883915908833784
rf_local,42,fixed_0.5,0.5,val,34,515,37,0.9666666666666668,0.7837837837837838,0.8656716417910447,0.9799047153094907
rf_local,42,fixed_0.5,0.5,test,-1,16670,1083,0.9416342412451362,0.6703601108033241,0.7831715210355987,0.7759580302946972
rf_local,42,fixed_0.5,0.5,test,35,1341,182,0.994011976047904,0.912087912087912,0.9512893982808024,0.9865259168963604
rf_local,42,fixed_0.5,0.5,test,36,1708,33,0.8857142857142857,0.9393939393939394,0.9117647058823528,0.9800248859530344
rf_local,42,fixed_0.5,0.5,test,37,498,40,0.96,0.6,0.7384615384615385,0.7922839279060535
rf_local,42,fixed_0.5,0.5,test,38,756,111,1.0,0.8558558558558559,0.9223300970873788,0.94745328963673
rf_local,42,fixed_0.5,0.5,test,39,1183,81,0.9565217391304348,0.8148148148148148,0.88,0.9497542571724444
rf_local,42,fixed_0.5,0.5,test,40,1211,112,0.9305555555555556,0.5982142857142857,0.7282608695652174,0.7395499830333031
rf_local,42,fixed_0.5,0.5,test,41,1132,116,0.9902912621359224,0.8793103448275862,0.9315068493150684,0.9528520700146424
rf_local,42,fixed_0.5,0.5,test,42,2154,239,0.9717514124293786,0.7196652719665272,0.8269230769230769,0.8758628986575934
rf_local,42,fixed_0.5,0.5,test,43,1370,24,,0.0,0.0,0.0364566452385504
rf_local,42,fixed_0.5,0.5,test,44,1591,24,0.0555555555555555,0.0416666666666666,0.0476190476190476,0.0757346366701633
rf_local,42,fixed_0.5,0.5,test,45,1221,5,0.0,0.0,0.0,0.0075879481444497
rf_local,42,fixed_0.5,0.5,test,46,712,2,0.3333333333333333,0.5,0.4,0.5055555555555555
rf_local,42,fixed_0.5,0.5,test,47,846,22,0.0,0.0,0.0,0.0219803982577255
rf_local,42,fixed_0.5,0.5,test,48,471,36,,0.0,0.0,0.0810225505846578
rf_local,42,fixed_0.5,0.5,test,49,476,56,0.3333333333333333,0.0178571428571428,0.0338983050847457,0.1505035001324504
xgb_all,42,val_f1,0.4799999999999999,val,-1,4687,920,0.9700996677740864,0.9521739130434784,0.9610532089961602,0.9840922056746794
xgb_all,42,val_f1,0.4799999999999999,val,29,1174,329,0.9748427672955976,0.9422492401215804,0.9582689335394128,0.9914647575834596
xgb_all,42,val_f1,0.4799999999999999,val,30,524,83,0.9625,0.927710843373494,0.9447852760736196,0.9799230236398312
xgb_all,42,val_f1,0.4799999999999999,val,31,710,106,0.9252336448598132,0.9339622641509434,0.9295774647887324,0.920101404036772
xgb_all,42,val_f1,0.4799999999999999,val,32,1323,342,0.9853372434017597,0.9824561403508772,0.9838945827232796,0.997684342076095
xgb_all,42,val_f1,0.4799999999999999,val,33,441,23,0.9473684210526316,0.782608695652174,0.8571428571428571,0.9455327933359968
xgb_all,42,val_f1,0.4799999999999999,val,34,515,37,0.9473684210526316,0.972972972972973,0.96,0.989385381965221
xgb_all,42,val_f1,0.4799999999999999,test,-1,16670,1083,0.8385360602798708,0.7192982456140351,0.7743538767395626,0.7868003660255811
xgb_all,42,val_f1,0.4799999999999999,test,35,1341,182,0.956043956043956,0.956043956043956,0.956043956043956,0.9871401125568904
xgb_all,42,val_f1,0.4799999999999999,test,36,1708,33,0.7333333333333333,1.0,0.8461538461538461,0.9973501246228518
xgb_all,42,val_f1,0.4799999999999999,test,37,498,40,0.96,0.6,0.7384615384615385,0.8460506537466662
xgb_all,42,val_f1,0.4799999999999999,test,38,756,111,0.9326923076923076,0.8738738738738738,0.9023255813953488,0.9445718409721404
xgb_all,42,val_f1,0.4799999999999999,test,39,1183,81,0.9493670886075948,0.925925925925926,0.9375,0.9518201483918944
xgb_all,42,val_f1,0.4799999999999999,test,40,1211,112,0.8780487804878049,0.6428571428571429,0.7422680412371134,0.7545685646691632
xgb_all,42,val_f1,0.4799999999999999,test,41,1132,116,0.923728813559322,0.9396551724137931,0.9316239316239316,0.9622957611652704
xgb_all,42,val_f1,0.4799999999999999,test,42,2154,239,0.9134615384615384,0.7949790794979079,0.8501118568232662,0.8852432634141401
xgb_all,42,val_f1,0.4799999999999999,test,43,1370,24,0.0,0.0,0.0,0.0452808807654212
xgb_all,42,val_f1,0.4799999999999999,test,44,1591,24,0.0833333333333333,0.0833333333333333,0.0833333333333333,0.0523469019253936
xgb_all,42,val_f1,0.4799999999999999,test,45,1221,5,0.0,0.0,0.0,0.0062316584849722
xgb_all,42,val_f1,0.4799999999999999,test,46,712,2,0.0769230769230769,0.5,0.1333333333333333,0.1759259259259259
xgb_all,42,val_f1,0.4799999999999999,test,47,846,22,0.0,0.0,0.0,0.0351421853965181
xgb_all,42,val_f1,0.4799999999999999,test,48,471,36,0.25,0.0277777777777777,0.05,0.2059383536835513
xgb_all,42,val_f1,0.4799999999999999,test,49,476,56,0.0909090909090909,0.0178571428571428,0.0298507462686567,0.1877019632063196
xgb_all,42,fixed_0.5,0.5,val,-1,4687,920,0.9721913236929922,0.95,0.9609675645959318,0.9840922056746794
xgb_all,42,fixed_0.5,0.5,val,29,1174,329,0.9748427672955976,0.9422492401215804,0.9582689335394128,0.9914647575834596
xgb_all,42,fixed_0.5,0.5,val,30,524,83,0.9625,0.927710843373494,0.9447852760736196,0.9799230236398312
xgb_all,42,fixed_0.5,0.5,val,31,710,106,0.9423076923076924,0.9245283018867924,0.9333333333333332,0.920101404036772
xgb_all,42,fixed_0.5,0.5,val,32,1323,342,0.9852941176470588,0.97953216374269,0.9824046920821116,0.997684342076095
xgb_all,42,fixed_0.5,0.5,val,33,441,23,0.9473684210526316,0.782608695652174,0.8571428571428571,0.9455327933359968
xgb_all,42,fixed_0.5,0.5,val,34,515,37,0.9473684210526316,0.972972972972973,0.96,0.989385381965221
xgb_all,42,fixed_0.5,0.5,test,-1,16670,1083,0.8522975929978118,0.7192982456140351,0.7801702553830746,0.7868003660255811
xgb_all,42,fixed_0.5,0.5,test,35,1341,182,0.956043956043956,0.956043956043956,0.956043956043956,0.9871401125568904
xgb_all,42,fixed_0.5,0.5,test,36,1708,33,0.7857142857142857,1.0,0.88,0.9973501246228518
xgb_all,42,fixed_0.5,0.5,test,37,498,40,0.96,0.6,0.7384615384615385,0.8460506537466662
xgb_all,42,fixed_0.5,0.5,test,38,756,111,0.9326923076923076,0.8738738738738738,0.9023255813953488,0.9445718409721404
xgb_all,42,fixed_0.5,0.5,test,39,1183,81,0.9615384615384616,0.925925925925926,0.9433962264150944,0.9518201483918944
xgb_all,42,fixed_0.5,0.5,test,40,1211,112,0.8780487804878049,0.6428571428571429,0.7422680412371134,0.7545685646691632
xgb_all,42,fixed_0.5,0.5,test,41,1132,116,0.923728813559322,0.9396551724137931,0.9316239316239316,0.9622957611652704
xgb_all,42,fixed_0.5,0.5,test,42,2154,239,0.931372549019608,0.7949790794979079,0.8577878103837472,0.8852432634141401
xgb_all,42,fixed_0.5,0.5,test,43,1370,24,0.0,0.0,0.0,0.0452808807654212
xgb_all,42,fixed_0.5,0.5,test,44,1591,24,0.0952380952380952,0.0833333333333333,0.0888888888888888,0.0523469019253936
xgb_all,42,fixed_0.5,0.5,test,45,1221,5,0.0,0.0,0.0,0.0062316584849722
xgb_all,42,fixed_0.5,0.5,test,46,712,2,0.0909090909090909,0.5,0.1538461538461538,0.1759259259259259
xgb_all,42,fixed_0.5,0.5,test,47,846,22,0.0,0.0,0.0,0.0351421853965181
xgb_all,42,fixed_0.5,0.5,test,48,471,36,0.3333333333333333,0.0277777777777777,0.0512820512820512,0.2059383536835513
xgb_all,42,fixed_0.5,0.5,test,49,476,56,0.0909090909090909,0.0178571428571428,0.0298507462686567,0.1877019632063196
rf_all,123,val_f1,0.2499999999999999,val,-1,4687,920,0.973421926910299,0.9554347826086956,0.9643444871091608,0.9881062099626764
rf_all,123,val_f1,0.2499999999999999,val,29,1174,329,0.9716088328075708,0.9361702127659576,0.953560371517028,0.9899218424724424
rf_all,123,val_f1,0.2499999999999999,val,30,524,83,0.9746835443037974,0.927710843373494,0.9506172839506172,0.97931253846373
rf_all,123,val_f1,0.2499999999999999,val,31,710,106,0.961904761904762,0.9528301886792452,0.957345971563981,0.9764258608893348
rf_all,123,val_f1,0.2499999999999999,val,32,1323,342,0.976878612716763,0.9883040935672516,0.9825581395348836,0.9988183948490472
rf_all,123,val_f1,0.2499999999999999,val,33,441,23,1.0,0.8260869565217391,0.9047619047619048,0.9275238540386298
rf_all,123,val_f1,0.2499999999999999,val,34,515,37,0.972972972972973,0.972972972972973,0.972972972972973,0.9918408975012748
rf_all,123,val_f1,0.2499999999999999,test,-1,16670,1083,0.8004094165813715,0.7220683287165282,0.7592233009708738,0.7803164399525608
rf_all,123,val_f1,0.2499999999999999,test,35,1341,182,0.9414893617021276,0.9725274725274724,0.9567567567567568,0.9882184489345732
rf_all,123,val_f1,0.2499999999999999,test,36,1708,33,0.673469387755102,1.0,0.8048780487804879,0.9974747474747474
rf_all,123,val_f1,0.2499999999999999,test,37,498,40,0.9615384615384616,0.625,0.7575757575757576,0.8025255749090007
rf_all,123,val_f1,0.2499999999999999,test,38,756,111,0.9174311926605504,0.9009009009009008,0.9090909090909092,0.9508520316449474
rf_all,123,val_f1,0.2499999999999999,test,39,1183,81,0.8604651162790697,0.9135802469135802,0.8862275449101796,0.9516814230130336
rf_all,123,val_f1,0.2499999999999999,test,40,1211,112,0.8795180722891566,0.6517857142857143,0.7487179487179487,0.7512293666875581
rf_all,123,val_f1,0.2499999999999999,test,41,1132,116,0.9391304347826088,0.9310344827586208,0.935064935064935,0.9575926933163752
rf_all,123,val_f1,0.2499999999999999,test,42,2154,239,0.9264705882352942,0.7907949790794979,0.8532731376975169,0.8759196555241857
rf_all,123,val_f1,0.2499999999999999,test,43,1370,24,0.0,0.0,0.0,0.0377873534011976
rf_all,123,val_f1,0.2499999999999999,test,44,1591,24,0.0227272727272727,0.0416666666666666,0.0294117647058823,0.0427679918204148
rf_all,123,val_f1,0.2499999999999999,test,45,1221,5,0.0,0.0,0.0,0.0084248383843169
rf_all,123,val_f1,0.2499999999999999,test,46,712,2,0.0588235294117647,0.5,0.1052631578947368,0.504950495049505
rf_all,123,val_f1,0.2499999999999999,test,47,846,22,0.0,0.0,0.0,0.0308508637151412
rf_all,123,val_f1,0.2499999999999999,test,48,471,36,0.0,0.0,0.0,0.132349962067668
rf_all,123,val_f1,0.2499999999999999,test,49,476,56,0.0666666666666666,0.0178571428571428,0.028169014084507,0.238113347687695
rf_all,123,fixed_0.5,0.5,val,-1,4687,920,0.9938118811881188,0.8728260869565218,0.929398148148148,0.9881062099626764
rf_all,123,fixed_0.5,0.5,val,29,1174,329,0.993127147766323,0.878419452887538,0.932258064516129,0.9899218424724424
rf_all,123,fixed_0.5,0.5,val,30,524,83,0.9850746268656716,0.7951807228915663,0.88,0.97931253846373
rf_all,123,fixed_0.5,0.5,val,31,710,106,0.9787234042553192,0.8679245283018868,0.92,0.9764258608893348
rf_all,123,fixed_0.5,0.5,val,32,1323,342,1.0,0.9152046783625732,0.9557251908396946,0.9988183948490472
rf_all,123,fixed_0.5,0.5,val,33,441,23,1.0,0.6956521739130435,0.8205128205128205,0.9275238540386298
rf_all,123,fixed_0.5,0.5,val,34,515,37,1.0,0.7297297297297297,0.84375,0.9918408975012748
rf_all,123,fixed_0.5,0.5,test,-1,16670,1083,0.992248062015504,0.5909510618651893,0.7407407407407407,0.7803164399525608
rf_all,123,fixed_0.5,0.5,test,35,1341,182,1.0,0.8351648351648352,0.9101796407185628,0.9882184489345732
rf_all,123,fixed_0.5,0.5,test,36,1708,33,1.0,0.696969696969697,0.8214285714285714,0.9974747474747474
rf_all,123,fixed_0.5,0.5,test,37,498,40,1.0,0.475,0.6440677966101694,0.8025255749090007
rf_all,123,fixed_0.5,0.5,test,38,756,111,1.0,0.7117117117117117,0.8315789473684211,0.9508520316449474
rf_all,123,fixed_0.5,0.5,test,39,1183,81,1.0,0.7037037037037037,0.8260869565217391,0.9516814230130336
rf_all,123,fixed_0.5,0.5,test,40,1211,112,1.0,0.4910714285714285,0.6586826347305389,0.7512293666875581
rf_all,123,fixed_0.5,0.5,test,41,1132,116,1.0,0.7672413793103449,0.8682926829268293,0.9575926933163752
rf_all,123,fixed_0.5,0.5,test,42,2154,239,1.0,0.6861924686192469,0.8138957816377171,0.8759196555241857
rf_all,123,fixed_0.5,0.5,test,43,1370,24,,0.0,0.0,0.0377873534011976
rf_all,123,fixed_0.5,0.5,test,44,1591,24,0.25,0.0416666666666666,0.0714285714285714,0.0427679918204148
rf_all,123,fixed_0.5,0.5,test,45,1221,5,0.0,0.0,0.0,0.0084248383843169
rf_all,123,fixed_0.5,0.5,test,46,712,2,0.5,0.5,0.5,0.504950495049505
rf_all,123,fixed_0.5,0.5,test,47,846,22,,0.0,0.0,0.0308508637151412
rf_all,123,fixed_0.5,0.5,test,48,471,36,,0.0,0.0,0.132349962067668
rf_all,123,fixed_0.5,0.5,test,49,476,56,,0.0,0.0,0.238113347687695
rf_local,123,val_f1,0.29,val,-1,4687,920,0.9583789704271632,0.9510869565217392,0.9547190398254228,0.9870028854774714
rf_local,123,val_f1,0.29,val,29,1174,329,0.9808917197452228,0.9361702127659576,0.95800933125972,0.9903390777709864
rf_local,123,val_f1,0.29,val,30,524,83,0.9166666666666666,0.927710843373494,0.9221556886227544,0.9750612605185875
rf_local,123,val_f1,0.29,val,31,710,106,0.8947368421052632,0.9622641509433962,0.9272727272727272,0.9824000145193392
rf_local,123,val_f1,0.29,val,32,1323,342,0.97667638483965,0.97953216374269,0.978102189781022,0.9974163117063402
rf_local,123,val_f1,0.29,val,33,441,23,0.9047619047619048,0.8260869565217391,0.8636363636363636,0.8999155549643691
rf_local,123,val_f1,0.29,val,34,515,37,0.918918918918919,0.918918918918919,0.918918918918919,0.977601830514826
rf_local,123,val_f1,0.29,test,-1,16670,1083,0.7136404697380307,0.7294552169898431,0.7214611872146118,0.773767260144431
rf_local,123,val_f1,0.29,test,35,1341,182,0.9109947643979056,0.956043956043956,0.9329758713136728,0.9865386992932934
rf_local,123,val_f1,0.29,test,36,1708,33,0.4925373134328358,1.0,0.66,0.9818379877203408
rf_local,123,val_f1,0.29,test,37,498,40,0.9310344827586208,0.675,0.782608695652174,0.7639210427550787
rf_local,123,val_f1,0.29,test,38,756,111,0.9107142857142856,0.918918918918919,0.9147982062780268,0.942910683169718
rf_local,123,val_f1,0.29,test,39,1183,81,0.8085106382978723,0.9382716049382716,0.8685714285714285,0.9461436237477264
rf_local,123,val_f1,0.29,test,40,1211,112,0.7037037037037037,0.6785714285714286,0.6909090909090909,0.7440294172961152
rf_local,123,val_f1,0.29,test,41,1132,116,0.823076923076923,0.9224137931034484,0.8699186991869918,0.9524503805937888
rf_local,123,val_f1,0.29,test,42,2154,239,0.8458149779735683,0.803347280334728,0.8240343347639485,0.8731979670801978
rf_local,123,val_f1,0.29,test,43,1370,24,0.0,0.0,0.0,0.0407993856650524
rf_local,123,val_f1,0.29,test,44,1591,24,0.0185185185185185,0.0416666666666666,0.0256410256410256,0.0730832852015984
rf_local,123,val_f1,0.29,test,45,1221,5,0.0,0.0,0.0,0.0075633889919604
rf_local,123,val_f1,0.29,test,46,712,2,0.0476190476190476,0.5,0.0869565217391304,0.5057471264367817
rf_local,123,val_f1,0.29,test,47,846,22,0.0,0.0,0.0,0.0217088095391286
rf_local,123,val_f1,0.29,test,48,471,36,0.0,0.0,0.0,0.0884644259191259
rf_local,123,val_f1,0.29,test,49,476,56,0.0833333333333333,0.0178571428571428,0.0294117647058823,0.1656214887054384
rf_local,123,fixed_0.5,0.5,val,-1,4687,920,0.9868891537544696,0.9,0.9414440022740194,0.9870028854774714
rf_local,123,fixed_0.5,0.5,val,29,1174,329,0.9932885906040269,0.8996960486322189,0.9441786283891548,0.9903390777709864
rf_local,123,fixed_0.5,0.5,val,30,524,83,0.958904109589041,0.8433734939759037,0.8974358974358975,0.9750612605185875
rf_local,123,fixed_0.5,0.5,val,31,710,106,0.979381443298969,0.8962264150943396,0.9359605911330048,0.9824000145193392
rf_local,123,fixed_0.5,0.5,val,32,1323,342,0.9938080495356038,0.9385964912280702,0.9654135338345864,0.9974163117063402
rf_local,123,fixed_0.5,0.5,val,33,441,23,0.9473684210526316,0.782608695652174,0.8571428571428571,0.8999155549643691
rf_local,123,fixed_0.5,0.5,val,34,515,37,0.9655172413793104,0.7567567567567568,0.8484848484848485,0.977601830514826
rf_local,123,fixed_0.5,0.5,test,-1,16670,1083,0.9475753604193972,0.667590027700831,0.7833152762730228,0.773767260144431
rf_local,123,fixed_0.5,0.5,test,35,1341,182,0.993975903614458,0.9065934065934066,0.9482758620689656,0.9865386992932934
rf_local,123,fixed_0.5,0.5,test,36,1708,33,0.8857142857142857,0.9393939393939394,0.9117647058823528,0.9818379877203408
rf_local,123,fixed_0.5,0.5,test,37,498,40,1.0,0.575,0.7301587301587301,0.7639210427550787
rf_local,123,fixed_0.5,0.5,test,38,756,111,1.0,0.8648648648648649,0.927536231884058,0.942910683169718
rf_local,123,fixed_0.5,0.5,test,39,1183,81,0.9710144927536232,0.8271604938271605,0.8933333333333333,0.9461436237477264
rf_local,123,fixed_0.5,0.5,test,40,1211,112,0.9285714285714286,0.5803571428571429,0.7142857142857143,0.7440294172961152
rf_local,123,fixed_0.5,0.5,test,41,1132,116,0.9901960784313726,0.8706896551724138,0.926605504587156,0.9524503805937888
rf_local,123,fixed_0.5,0.5,test,42,2154,239,0.9717514124293786,0.7196652719665272,0.8269230769230769,0.8731979670801978
rf_local,123,fixed_0.5,0.5,test,43,1370,24,0.0,0.0,0.0,0.0407993856650524
rf_local,123,fixed_0.5,0.5,test,44,1591,24,0.0588235294117647,0.0416666666666666,0.048780487804878,0.0730832852015984
rf_local,123,fixed_0.5,0.5,test,45,1221,5,0.0,0.0,0.0,0.0075633889919604
rf_local,123,fixed_0.5,0.5,test,46,712,2,0.3333333333333333,0.5,0.4,0.5057471264367817
rf_local,123,fixed_0.5,0.5,test,47,846,22,0.0,0.0,0.0,0.0217088095391286
rf_local,123,fixed_0.5,0.5,test,48,471,36,,0.0,0.0,0.0884644259191259
rf_local,123,fixed_0.5,0.5,test,49,476,56,1.0,0.0178571428571428,0.0350877192982456,0.1656214887054384
xgb_all,123,val_f1,0.3299999999999999,val,-1,4687,920,0.9660460021905805,0.9586956521739132,0.962356792144026,0.9855553545692132
xgb_all,123,val_f1,0.3299999999999999,val,29,1174,329,0.9782608695652174,0.9574468085106383,0.967741935483871,0.9905574993258924
xgb_all,123,val_f1,0.3299999999999999,val,30,524,83,0.9390243902439024,0.927710843373494,0.9333333333333332,0.9862826567539044
xgb_all,123,val_f1,0.3299999999999999,val,31,710,106,0.908256880733945,0.9339622641509434,0.9209302325581395,0.921658291023485
xgb_all,123,val_f1,0.3299999999999999,val,32,1323,342,0.9796511627906976,0.9853801169590644,0.9825072886297376,0.9970522211520908
xgb_all,123,val_f1,0.3299999999999999,val,33,441,23,0.9473684210526316,0.782608695652174,0.8571428571428571,0.9218903291423214
xgb_all,123,val_f1,0.3299999999999999,val,34,515,37,0.972972972972973,0.972972972972973,0.972972972972973,0.9923614618349708
xgb_all,123,val_f1,0.3299999999999999,test,-1,16670,1083,0.775811209439528,0.7285318559556787,0.7514285714285714,0.7837552920442596
xgb_all,123,val_f1,0.3299999999999999,test,35,1341,182,0.9411764705882352,0.967032967032967,0.9539295392953928,0.988218326087484
xgb_all,123,val_f1,0.3299999999999999,test,36,1708,33,0.7021276595744681,1.0,0.825,0.9912444531503432
xgb_all,123,val_f1,0.3299999999999999,test,37,498,40,0.8928571428571429,0.625,0.7352941176470589,0.8300542253611224
xgb_all,123,val_f1,0.3299999999999999,test,38,756,111,0.9009009009009008,0.9009009009009008,0.9009009009009008,0.9478735772199722
xgb_all,123,val_f1,0.3299999999999999,test,39,1183,81,0.8461538461538461,0.9506172839506172,0.8953488372093024,0.956531489760845
xgb_all,123,val_f1,0.3299999999999999,test,40,1211,112,0.8390804597701149,0.6517857142857143,0.7336683417085427,0.7499491510783431
xgb_all,123,val_f1,0.3299999999999999,test,41,1132,116,0.872,0.9396551724137931,0.9045643153526972,0.9602567275472602
xgb_all,123,val_f1,0.3299999999999999,test,42,2154,239,0.8796296296296297,0.7949790794979079,0.8351648351648352,0.8778342240171715
xgb_all,123,val_f1,0.3299999999999999,test,43,1370,24,0.0,0.0,0.0,0.0438484979001945
xgb_all,123,val_f1,0.3299999999999999,test,44,1591,24,0.0909090909090909,0.125,0.1052631578947368,0.0414439995562982
xgb_all,123,val_f1,0.3299999999999999,test,45,1221,5,0.0,0.0,0.0,0.0065299491829821
xgb_all,123,val_f1,0.3299999999999999,test,46,712,2,0.0625,0.5,0.1111111111111111,0.1750700280112044
xgb_all,123,val_f1,0.3299999999999999,test,47,846,22,0.0,0.0,0.0,0.0285665069960973
xgb_all,123,val_f1,0.3299999999999999,test,48,471,36,0.2,0.0277777777777777,0.048780487804878,0.1550905530824342
xgb_all,123,val_f1,0.3299999999999999,test,49,476,56,0.0555555555555555,0.0178571428571428,0.027027027027027,0.1973068941251888
xgb_all,123,fixed_0.5,0.5,val,-1,4687,920,0.9774520856820744,0.942391304347826,0.9596015495296072,0.9855553545692132
xgb_all,123,fixed_0.5,0.5,val,29,1174,329,0.984126984126984,0.9422492401215804,0.9627329192546584,0.9905574993258924
xgb_all,123,fixed_0.5,0.5,val,30,524,83,0.9743589743589745,0.9156626506024096,0.9440993788819876,0.9862826567539044
xgb_all,123,fixed_0.5,0.5,val,31,710,106,0.931372549019608,0.8962264150943396,0.9134615384615384,0.921658291023485
xgb_all,123,fixed_0.5,0.5,val,32,1323,342,0.985207100591716,0.9736842105263158,0.9794117647058824,0.9970522211520908
xgb_all,123,fixed_0.5,0.5,val,33,441,23,1.0,0.782608695652174,0.8780487804878049,0.9218903291423214
xgb_all,123,fixed_0.5,0.5,val,34,515,37,0.9722222222222222,0.945945945945946,0.958904109589041,0.9923614618349708
xgb_all,123,fixed_0.5,0.5,test,-1,16670,1083,0.864501679731243,0.7128347183748845,0.7813765182186235,0.7837552920442596
xgb_all,123,fixed_0.5,0.5,test,35,1341,182,0.9565217391304348,0.967032967032967,0.9617486338797814,0.988218326087484
xgb_all,123,fixed_0.5,0.5,test,36,1708,33,0.8205128205128205,0.9696969696969696,0.8888888888888888,0.9912444531503432
xgb_all,123,fixed_0.5,0.5,test,37,498,40,0.92,0.575,0.7076923076923077,0.8300542253611224
xgb_all,123,fixed_0.5,0.5,test,38,756,111,0.9514563106796116,0.8828828828828829,0.9158878504672896,0.9478735772199722
xgb_all,123,fixed_0.5,0.5,test,39,1183,81,0.948051948051948,0.9012345679012346,0.9240506329113924,0.956531489760845
xgb_all,123,fixed_0.5,0.5,test,40,1211,112,0.8765432098765432,0.6339285714285714,0.7357512953367875,0.7499491510783431
xgb_all,123,fixed_0.5,0.5,test,41,1132,116,0.9473684210526316,0.9310344827586208,0.9391304347826088,0.9602567275472602
xgb_all,123,fixed_0.5,0.5,test,42,2154,239,0.9261083743842364,0.7866108786610879,0.8506787330316742,0.8778342240171715
xgb_all,123,fixed_0.5,0.5,test,43,1370,24,0.0,0.0,0.0,0.0438484979001945
xgb_all,123,fixed_0.5,0.5,test,44,1591,24,0.0588235294117647,0.0416666666666666,0.048780487804878,0.0414439995562982
xgb_all,123,fixed_0.5,0.5,test,45,1221,5,0.0,0.0,0.0,0.0065299491829821
xgb_all,123,fixed_0.5,0.5,test,46,712,2,0.0909090909090909,0.5,0.1538461538461538,0.1750700280112044
xgb_all,123,fixed_0.5,0.5,test,47,846,22,0.0,0.0,0.0,0.0285665069960973
xgb_all,123,fixed_0.5,0.5,test,48,471,36,0.0,0.0,0.0,0.1550905530824342
xgb_all,123,fixed_0.5,0.5,test,49,476,56,0.0909090909090909,0.0178571428571428,0.0298507462686567,0.1973068941251888
rf_all,2024,val_f1,0.2699999999999999,val,-1,4687,920,0.972253052164262,0.9521739130434784,0.9621087314662272,0.9867118168589128
rf_all,2024,val_f1,0.2699999999999999,val,29,1174,329,0.9778481012658228,0.939209726443769,0.958139534883721,0.9860307525853712
rf_all,2024,val_f1,0.2699999999999999,val,30,524,83,0.9746835443037974,0.927710843373494,0.9506172839506172,0.9787242179148162
rf_all,2024,val_f1,0.2699999999999999,val,31,710,106,0.9345794392523364,0.9433962264150944,0.9389671361502347,0.9772165202449952
rf_all,2024,val_f1,0.2699999999999999,val,32,1323,342,0.9740634005763688,0.9883040935672516,0.981132075471698,0.9987686450637688
rf_all,2024,val_f1,0.2699999999999999,val,33,441,23,1.0,0.782608695652174,0.8780487804878049,0.9282791377420534
rf_all,2024,val_f1,0.2699999999999999,val,34,515,37,1.0,0.918918918918919,0.9577464788732394,0.992203742203742
rf_all,2024,val_f1,0.2699999999999999,test,-1,16670,1083,0.8641425389755011,0.716528162511542,0.7834427057041898,0.7825064960897424
rf_all,2024,val_f1,0.2699999999999999,test,35,1341,182,0.9615384615384616,0.9615384615384616,0.9615384615384616,0.9893900419549062
rf_all,2024,val_f1,0.2699999999999999,test,36,1708,33,0.7857142857142857,1.0,0.88,0.9923046824051128
rf_all,2024,val_f1,0.2699999999999999,test,37,498,40,0.9615384615384616,0.625,0.7575757575757576,0.8188146247285553
rf_all,2024,val_f1,0.2699999999999999,test,38,756,111,0.970873786407767,0.9009009009009008,0.9345794392523364,0.9506514211768048
rf_all,2024,val_f1,0.2699999999999999,test,39,1183,81,0.9493670886075948,0.925925925925926,0.9375,0.9486123376348
rf_all,2024,val_f1,0.2699999999999999,test,40,1211,112,0.8765432098765432,0.6339285714285714,0.7357512953367875,0.7597525645239173
rf_all,2024,val_f1,0.2699999999999999,test,41,1132,116,0.963963963963964,0.9224137931034484,0.9427312775330396,0.9605235537684174
rf_all,2024,val_f1,0.2699999999999999,test,42,2154,239,0.9540816326530612,0.7824267782426778,0.8597701149425288,0.8778537998117428
rf_all,2024,val_f1,0.2699999999999999,test,43,1370,24,0.0,0.0,0.0,0.0418486223961577
rf_all,2024,val_f1,0.2699999999999999,test,44,1591,24,0.04,0.0416666666666666,0.0408163265306122,0.0651688032701932
rf_all,2024,val_f1,0.2699999999999999,test,45,1221,5,0.0,0.0,0.0,0.0079693974053664
rf_all,2024,val_f1,0.2699999999999999,test,46,712,2,0.0833333333333333,0.5,0.1428571428571428,0.5074626865671642
rf_all,2024,val_f1,0.2699999999999999,test,47,846,22,0.0,0.0,0.0,0.0325592149167104
rf_all,2024,val_f1,0.2699999999999999,test,48,471,36,0.0,0.0,0.0,0.1429711329948528
rf_all,2024,val_f1,0.2699999999999999,test,49,476,56,0.1,0.0178571428571428,0.0303030303030303,0.2287572601911821
rf_all,2024,fixed_0.5,0.5,val,-1,4687,920,0.9926918392204628,0.8858695652173914,0.9362435381964388,0.9867118168589128
rf_all,2024,fixed_0.5,0.5,val,29,1174,329,0.9932432432432432,0.8936170212765957,0.9408,0.9860307525853712
rf_all,2024,fixed_0.5,0.5,val,30,524,83,0.9857142857142858,0.8313253012048193,0.9019607843137256,0.9787242179148162
rf_all,2024,fixed_0.5,0.5,val,31,710,106,0.9791666666666666,0.8867924528301887,0.9306930693069309,0.9772165202449952
rf_all,2024,fixed_0.5,0.5,val,32,1323,342,0.9968652037617556,0.9298245614035088,0.962178517397882,0.9987686450637688
rf_all,2024,fixed_0.5,0.5,val,33,441,23,1.0,0.7391304347826086,0.85,0.9282791377420534
rf_all,2024,fixed_0.5,0.5,val,34,515,37,1.0,0.6216216216216216,0.7666666666666667,0.992203742203742
rf_all,2024,fixed_0.5,0.5,test,-1,16670,1083,0.9912280701754386,0.5216989843028624,0.6836055656382335,0.7825064960897424
rf_all,2024,fixed_0.5,0.5,test,35,1341,182,1.0,0.8461538461538461,0.9166666666666666,0.9893900419549062
rf_all,2024,fixed_0.5,0.5,test,36,1708,33,1.0,0.696969696969697,0.8214285714285714,0.9923046824051128
rf_all,2024,fixed_0.5,0.5,test,37,498,40,1.0,0.475,0.6440677966101694,0.8188146247285553
rf_all,2024,fixed_0.5,0.5,test,38,756,111,1.0,0.5585585585585585,0.7167630057803468,0.9506514211768048
rf_all,2024,fixed_0.5,0.5,test,39,1183,81,1.0,0.3950617283950617,0.5663716814159292,0.9486123376348
rf_all,2024,fixed_0.5,0.5,test,40,1211,112,1.0,0.4910714285714285,0.6586826347305389,0.7597525645239173
rf_all,2024,fixed_0.5,0.5,test,41,1132,116,1.0,0.4913793103448275,0.6589595375722543,0.9605235537684174
rf_all,2024,fixed_0.5,0.5,test,42,2154,239,1.0,0.6736401673640168,0.805,0.8778537998117428
rf_all,2024,fixed_0.5,0.5,test,43,1370,24,,0.0,0.0,0.0418486223961577
rf_all,2024,fixed_0.5,0.5,test,44,1591,24,0.25,0.0416666666666666,0.0714285714285714,0.0651688032701932
rf_all,2024,fixed_0.5,0.5,test,45,1221,5,0.0,0.0,0.0,0.0079693974053664
rf_all,2024,fixed_0.5,0.5,test,46,712,2,0.5,0.5,0.5,0.5074626865671642
rf_all,2024,fixed_0.5,0.5,test,47,846,22,,0.0,0.0,0.0325592149167104
rf_all,2024,fixed_0.5,0.5,test,48,471,36,,0.0,0.0,0.1429711329948528
rf_all,2024,fixed_0.5,0.5,test,49,476,56,,0.0,0.0,0.2287572601911821
rf_local,2024,val_f1,0.3299999999999999,val,-1,4687,920,0.9687150837988828,0.942391304347826,0.9553719008264464,0.9873762966241816
rf_local,2024,val_f1,0.3299999999999999,val,29,1174,329,0.9805825242718448,0.9209726443768996,0.9498432601880876,0.9905994307762682
rf_local,2024,val_f1,0.3299999999999999,val,30,524,83,0.95,0.9156626506024096,0.9325153374233128,0.9769056108875556
rf_local,2024,val_f1,0.3299999999999999,val,31,710,106,0.918918918918919,0.9622641509433962,0.9400921658986175,0.981612104301528
rf_local,2024,val_f1,0.3299999999999999,val,32,1323,342,0.9823529411764704,0.9766081871345028,0.9794721407624634,0.9980581411273196
rf_local,2024,val_f1,0.3299999999999999,val,33,441,23,0.9047619047619048,0.8260869565217391,0.8636363636363636,0.8914212586570309
rf_local,2024,val_f1,0.3299999999999999,val,34,515,37,0.9705882352941176,0.8918918918918919,0.9295774647887324,0.9748568377327668
rf_local,2024,val_f1,0.3299999999999999,test,-1,16670,1083,0.7985611510791367,0.7174515235457064,0.7558365758754864,0.7741340926665773
rf_local,2024,val_f1,0.3299999999999999,test,35,1341,182,0.9502762430939228,0.945054945054945,0.9476584022038568,0.9871712311527262
rf_local,2024,val_f1,0.3299999999999999,test,36,1708,33,0.5614035087719298,0.9696969696969696,0.7111111111111111,0.9770126758527752
rf_local,2024,val_f1,0.3299999999999999,test,37,498,40,0.9642857142857144,0.675,0.7941176470588235,0.7718051445969302
rf_local,2024,val_f1,0.3299999999999999,test,38,756,111,0.9615384615384616,0.9009009009009008,0.9302325581395348,0.9455142782632312
rf_local,2024,val_f1,0.3299999999999999,test,39,1183,81,0.8620689655172413,0.925925925925926,0.8928571428571429,0.9488036574231632
rf_local,2024,val_f1,0.3299999999999999,test,40,1211,112,0.7684210526315789,0.6517857142857143,0.7053140096618358,0.7492131912700837
rf_local,2024,val_f1,0.3299999999999999,test,41,1132,116,0.9067796610169492,0.9224137931034484,0.9145299145299144,0.9494539034661488
rf_local,2024,val_f1,0.3299999999999999,test,42,2154,239,0.8826291079812206,0.7866108786610879,0.831858407079646,0.8731066112405533
rf_local,2024,val_f1,0.3299999999999999,test,43,1370,24,0.0,0.0,0.0,0.0353351507990393
rf_local,2024,val_f1,0.3299999999999999,test,44,1591,24,0.0277777777777777,0.0416666666666666,0.0333333333333333,0.0735785327860426
rf_local,2024,val_f1,0.3299999999999999,test,45,1221,5,0.0,0.0,0.0,0.007478645502447
rf_local,2024,val_f1,0.3299999999999999,test,46,712,2,0.0909090909090909,0.5,0.1538461538461538,0.5067114093959731
rf_local,2024,val_f1,0.3299999999999999,test,47,846,22,0.0,0.0,0.0,0.021414543293832
rf_local,2024,val_f1,0.3299999999999999,test,48,471,36,0.0,0.0,0.0,0.0847652433684446
rf_local,2024,val_f1,0.3299999999999999,test,49,476,56,0.1,0.0178571428571428,0.0303030303030303,0.1424943923055995
rf_local,2024,fixed_0.5,0.5,val,-1,4687,920,0.9892215568862276,0.8978260869565218,0.9413105413105411,0.9873762966241816
rf_local,2024,fixed_0.5,0.5,val,29,1174,329,0.9932885906040269,0.8996960486322189,0.9441786283891548,0.9905994307762682
rf_local,2024,fixed_0.5,0.5,val,30,524,83,0.958904109589041,0.8433734939759037,0.8974358974358975,0.9769056108875556
rf_local,2024,fixed_0.5,0.5,val,31,710,106,0.979381443298969,0.8962264150943396,0.9359605911330048,0.981612104301528
rf_local,2024,fixed_0.5,0.5,val,32,1323,342,0.9968944099378882,0.9385964912280702,0.966867469879518,0.9980581411273196
rf_local,2024,fixed_0.5,0.5,val,33,441,23,1.0,0.7391304347826086,0.85,0.8914212586570309
rf_local,2024,fixed_0.5,0.5,val,34,515,37,0.9642857142857144,0.7297297297297297,0.8307692307692308,0.9748568377327668
rf_local,2024,fixed_0.5,0.5,test,-1,16670,1083,0.9460526315789474,0.6638965835641736,0.7802495930548019,0.7741340926665773
rf_local,2024,fixed_0.5,0.5,test,35,1341,182,0.993975903614458,0.9065934065934066,0.9482758620689656,0.9871712311527262
rf_local,2024,fixed_0.5,0.5,test,36,1708,33,0.9117647058823528,0.9393939393939394,0.9253731343283582,0.9770126758527752
rf_local,2024,fixed_0.5,0.5,test,37,498,40,1.0,0.575,0.7301587301587301,0.7718051445969302
rf_local,2024,fixed_0.5,0.5,test,38,756,111,1.0,0.8468468468468469,0.9170731707317074,0.9455142782632312
rf_local,2024,fixed_0.5,0.5,test,39,1183,81,0.9850746268656716,0.8148148148148148,0.8918918918918919,0.9488036574231632
rf_local,2024,fixed_0.5,0.5,test,40,1211,112,0.9027777777777778,0.5803571428571429,0.7065217391304348,0.7492131912700837
rf_local,2024,fixed_0.5,0.5,test,41,1132,116,0.9902912621359224,0.8793103448275862,0.9315068493150684,0.9494539034661488
rf_local,2024,fixed_0.5,0.5,test,42,2154,239,0.9771428571428572,0.7154811715481172,0.8260869565217391,0.8731066112405533
rf_local,2024,fixed_0.5,0.5,test,43,1370,24,0.0,0.0,0.0,0.0353351507990393
rf_local,2024,fixed_0.5,0.5,test,44,1591,24,0.0625,0.0416666666666666,0.05,0.0735785327860426
rf_local,2024,fixed_0.5,0.5,test,45,1221,5,0.0,0.0,0.0,0.007478645502447
rf_local,2024,fixed_0.5,0.5,test,46,712,2,0.3333333333333333,0.5,0.4,0.5067114093959731
rf_local,2024,fixed_0.5,0.5,test,47,846,22,0.0,0.0,0.0,0.021414543293832
rf_local,2024,fixed_0.5,0.5,test,48,471,36,,0.0,0.0,0.0847652433684446
rf_local,2024,fixed_0.5,0.5,test,49,476,56,0.0,0.0,0.0,0.1424943923055995
xgb_all,2024,val_f1,0.4399999999999999,val,-1,4687,920,0.9709821428571428,0.9456521739130436,0.9581497797356828,0.985007798714724
xgb_all,2024,val_f1,0.4399999999999999,val,29,1174,329,0.9747634069400632,0.939209726443769,0.956656346749226,0.990740345431924
xgb_all,2024,val_f1,0.4399999999999999,val,30,524,83,0.9615384615384616,0.9036144578313252,0.9316770186335404,0.9821229042220616
xgb_all,2024,val_f1,0.4399999999999999,val,31,710,106,0.923809523809524,0.9150943396226416,0.919431279620853,0.9435651217234752
xgb_all,2024,val_f1,0.4399999999999999,val,32,1323,342,0.9825581395348836,0.9883040935672516,0.9854227405247812,0.9974255144070796
xgb_all,2024,val_f1,0.4399999999999999,val,33,441,23,1.0,0.782608695652174,0.8780487804878049,0.923819541081658
xgb_all,2024,val_f1,0.4399999999999999,val,34,515,37,0.9705882352941176,0.8918918918918919,0.9295774647887324,0.9847276551573888
xgb_all,2024,val_f1,0.4399999999999999,test,-1,16670,1083,0.8603351955307262,0.7109879963065558,0.7785642062689585,0.7849905019783168
xgb_all,2024,val_f1,0.4399999999999999,test,35,1341,182,0.9664804469273744,0.9505494505494504,0.9584487534626038,0.9887772715406644
xgb_all,2024,val_f1,0.4399999999999999,test,36,1708,33,0.8648648648648649,0.9696969696969696,0.9142857142857144,0.9934727519954792
xgb_all,2024,val_f1,0.4399999999999999,test,37,498,40,0.9230769230769232,0.6,0.7272727272727273,0.8489455560383671
xgb_all,2024,val_f1,0.4399999999999999,test,38,756,111,0.9423076923076924,0.8828828828828829,0.9116279069767442,0.94939165412619
xgb_all,2024,val_f1,0.4399999999999999,test,39,1183,81,0.9605263157894736,0.9012345679012346,0.929936305732484,0.9545770267839686
xgb_all,2024,val_f1,0.4399999999999999,test,40,1211,112,0.9102564102564102,0.6339285714285714,0.7473684210526316,0.7529659684515216
xgb_all,2024,val_f1,0.4399999999999999,test,41,1132,116,0.907563025210084,0.9310344827586208,0.9191489361702128,0.9588220193349278
xgb_all,2024,val_f1,0.4399999999999999,test,42,2154,239,0.9215686274509804,0.7866108786610879,0.8487584650112867,0.8803757614691057
xgb_all,2024,val_f1,0.4399999999999999,test,43,1370,24,0.0,0.0,0.0,0.0557558019851846
xgb_all,2024,val_f1,0.4399999999999999,test,44,1591,24,0.0625,0.0416666666666666,0.05,0.0372759307896901
xgb_all,2024,val_f1,0.4399999999999999,test,45,1221,5,0.0,0.0,0.0,0.0058065768805674
xgb_all,2024,val_f1,0.4399999999999999,test,46,712,2,0.1111111111111111,0.5,0.1818181818181818,0.2572992700729927
xgb_all,2024,val_f1,0.4399999999999999,test,47,846,22,0.0,0.0,0.0,0.0316346617005898
xgb_all,2024,val_f1,0.4399999999999999,test,48,471,36,0.0,0.0,0.0,0.1836612554437331
xgb_all,2024,val_f1,0.4399999999999999,test,49,476,56,0.0909090909090909,0.0178571428571428,0.0298507462686567,0.176140188303021
xgb_all,2024,fixed_0.5,0.5,val,-1,4687,920,0.9740112994350284,0.9369565217391304,0.9551246537396122,0.985007798714724
xgb_all,2024,fixed_0.5,0.5,val,29,1174,329,0.9808917197452228,0.9361702127659576,0.95800933125972,0.990740345431924
xgb_all,2024,fixed_0.5,0.5,val,30,524,83,0.961038961038961,0.891566265060241,0.925,0.9821229042220616
xgb_all,2024,fixed_0.5,0.5,val,31,710,106,0.9326923076923076,0.9150943396226416,0.923809523809524,0.9435651217234752
xgb_all,2024,fixed_0.5,0.5,val,32,1323,342,0.9822485207100592,0.9707602339181286,0.976470588235294,0.9974255144070796
xgb_all,2024,fixed_0.5,0.5,val,33,441,23,1.0,0.782608695652174,0.8780487804878049,0.923819541081658
xgb_all,2024,fixed_0.5,0.5,val,34,515,37,0.9705882352941176,0.8918918918918919,0.9295774647887324,0.9847276551573888
xgb_all,2024,fixed_0.5,0.5,test,-1,16670,1083,0.8804597701149425,0.7072945521698984,0.7844342037890425,0.7849905019783168
xgb_all,2024,fixed_0.5,0.5,test,35,1341,182,0.9717514124293786,0.945054945054945,0.958217270194986,0.9887772715406644
xgb_all,2024,fixed_0.5,0.5,test,36,1708,33,0.8888888888888888,0.9696969696969696,0.927536231884058,0.9934727519954792
xgb_all,2024,fixed_0.5,0.5,test,37,498,40,0.92,0.575,0.7076923076923077,0.8489455560383671
xgb_all,2024,fixed_0.5,0.5,test,38,756,111,0.9514563106796116,0.8828828828828829,0.9158878504672896,0.94939165412619
xgb_all,2024,fixed_0.5,0.5,test,39,1183,81,0.9733333333333334,0.9012345679012346,0.935897435897436,0.9545770267839686
xgb_all,2024,fixed_0.5,0.5,test,40,1211,112,0.92,0.6160714285714286,0.7379679144385026,0.7529659684515216
xgb_all,2024,fixed_0.5,0.5,test,41,1132,116,0.9152542372881356,0.9310344827586208,0.9230769230769232,0.9588220193349278
xgb_all,2024,fixed_0.5,0.5,test,42,2154,239,0.9353233830845772,0.7866108786610879,0.8545454545454545,0.8803757614691057
xgb_all,2024,fixed_0.5,0.5,test,43,1370,24,0.0,0.0,0.0,0.0557558019851846
xgb_all,2024,fixed_0.5,0.5,test,44,1591,24,0.0666666666666666,0.0416666666666666,0.0512820512820512,0.0372759307896901
xgb_all,2024,fixed_0.5,0.5,test,45,1221,5,0.0,0.0,0.0,0.0058065768805674
xgb_all,2024,fixed_0.5,0.5,test,46,712,2,0.1428571428571428,0.5,0.2222222222222222,0.2572992700729927
xgb_all,2024,fixed_0.5,0.5,test,47,846,22,0.0,0.0,0.0,0.0316346617005898
xgb_all,2024,fixed_0.5,0.5,test,48,471,36,0.0,0.0,0.0,0.1836612554437331
xgb_all,2024,fixed_0.5,0.5,test,49,476,56,0.1,0.0178571428571428,0.0303030303030303,0.176140188303021
rf_all,7,val_f1,0.2799999999999999,val,-1,4687,920,0.9775533108866442,0.9467391304347826,0.961899503036996,0.987270677860888
rf_all,7,val_f1,0.2799999999999999,val,29,1174,329,0.977635782747604,0.9300911854103344,0.9532710280373832,0.9892913776403176
rf_all,7,val_f1,0.2799999999999999,val,30,524,83,0.974025974025974,0.9036144578313252,0.9375,0.9784411765822532
rf_all,7,val_f1,0.2799999999999999,val,31,710,106,0.9615384615384616,0.9433962264150944,0.9523809523809524,0.9760738668115516
rf_all,7,val_f1,0.2799999999999999,val,32,1323,342,0.9796511627906976,0.9853801169590644,0.9825072886297376,0.9986091578594528
rf_all,7,val_f1,0.2799999999999999,val,33,441,23,1.0,0.782608695652174,0.8780487804878049,0.9340592569731104
rf_all,7,val_f1,0.2799999999999999,val,34,515,37,1.0,0.945945945945946,0.9722222222222222,0.9951951951951952
rf_all,7,val_f1,0.2799999999999999,test,-1,16670,1083,0.8988235294117647,0.7054478301015698,0.7904811174340404,0.7818859888635206
rf_all,7,val_f1,0.2799999999999999,test,35,1341,182,0.967032967032967,0.967032967032967,0.967032967032967,0.9887923778355706
rf_all,7,val_f1,0.2799999999999999,test,36,1708,33,0.8648648648648649,0.9696969696969696,0.9142857142857144,0.9912429912429912
rf_all,7,val_f1,0.2799999999999999,test,37,498,40,0.96,0.6,0.7384615384615385,0.8139928064319377
rf_all,7,val_f1,0.2799999999999999,test,38,756,111,0.99009900990099,0.9009009009009008,0.9433962264150944,0.954223934134641
rf_all,7,val_f1,0.2799999999999999,test,39,1183,81,0.9333333333333332,0.8641975308641975,0.8974358974358975,0.9468601992588114
rf_all,7,val_f1,0.2799999999999999,test,40,1211,112,0.9722222222222222,0.625,0.7608695652173914,0.761080028505767
rf_all,7,val_f1,0.2799999999999999,test,41,1132,116,0.9809523809523808,0.8879310344827587,0.9321266968325792,0.9569493808942884
rf_all,7,val_f1,0.2799999999999999,test,42,2154,239,0.96875,0.7782426778242678,0.8631090487238979,0.8744974326746634
rf_all,7,val_f1,0.2799999999999999,test,43,1370,24,0.0,0.0,0.0,0.0435612787229321
rf_all,7,val_f1,0.2799999999999999,test,44,1591,24,0.0476190476190476,0.0416666666666666,0.0444444444444444,0.0632690565604763
rf_all,7,val_f1,0.2799999999999999,test,45,1221,5,0.0,0.0,0.0,0.008116656852577
rf_all,7,val_f1,0.2799999999999999,test,46,712,2,0.1666666666666666,0.5,0.25,0.5060240963855421
rf_all,7,val_f1,0.2799999999999999,test,47,846,22,0.0,0.0,0.0,0.0411703477380065
rf_all,7,val_f1,0.2799999999999999,test,48,471,36,0.0,0.0,0.0,0.1541487749442652
rf_all,7,val_f1,0.2799999999999999,test,49,476,56,0.1111111111111111,0.0178571428571428,0.0307692307692307,0.2363326475730253
rf_all,7,fixed_0.5,0.5,val,-1,4687,920,0.9938650306748468,0.8804347826086957,0.9337175792507204,0.987270677860888
rf_all,7,fixed_0.5,0.5,val,29,1174,329,0.9932432432432432,0.8936170212765957,0.9408,0.9892913776403176
rf_all,7,fixed_0.5,0.5,val,30,524,83,0.9850746268656716,0.7951807228915663,0.88,0.9784411765822532
rf_all,7,fixed_0.5,0.5,val,31,710,106,0.9787234042553192,0.8679245283018868,0.92,0.9760738668115516
rf_all,7,fixed_0.5,0.5,val,32,1323,342,1.0,0.9269005847953216,0.96206373292868,0.9986091578594528
rf_all,7,fixed_0.5,0.5,val,33,441,23,1.0,0.7391304347826086,0.85,0.9340592569731104
rf_all,7,fixed_0.5,0.5,val,34,515,37,1.0,0.6486486486486487,0.7868852459016393,0.9951951951951952
rf_all,7,fixed_0.5,0.5,test,-1,16670,1083,0.9922239502332816,0.5891043397968606,0.7392815758980301,0.7818859888635206
rf_all,7,fixed_0.5,0.5,test,35,1341,182,1.0,0.8351648351648352,0.9101796407185628,0.9887923778355706
rf_all,7,fixed_0.5,0.5,test,36,1708,33,1.0,0.7272727272727273,0.8421052631578947,0.9912429912429912
rf_all,7,fixed_0.5,0.5,test,37,498,40,1.0,0.475,0.6440677966101694,0.8139928064319377
rf_all,7,fixed_0.5,0.5,test,38,756,111,1.0,0.7297297297297297,0.84375,0.954223934134641
rf_all,7,fixed_0.5,0.5,test,39,1183,81,1.0,0.7037037037037037,0.8260869565217391,0.9468601992588114
rf_all,7,fixed_0.5,0.5,test,40,1211,112,1.0,0.4910714285714285,0.6586826347305389,0.761080028505767
rf_all,7,fixed_0.5,0.5,test,41,1132,116,1.0,0.7327586206896551,0.845771144278607,0.9569493808942884
rf_all,7,fixed_0.5,0.5,test,42,2154,239,1.0,0.6820083682008368,0.8109452736318408,0.8744974326746634
rf_all,7,fixed_0.5,0.5,test,43,1370,24,,0.0,0.0,0.0435612787229321
rf_all,7,fixed_0.5,0.5,test,44,1591,24,0.25,0.0416666666666666,0.0714285714285714,0.0632690565604763
rf_all,7,fixed_0.5,0.5,test,45,1221,5,0.0,0.0,0.0,0.008116656852577
rf_all,7,fixed_0.5,0.5,test,46,712,2,0.5,0.5,0.5,0.5060240963855421
rf_all,7,fixed_0.5,0.5,test,47,846,22,,0.0,0.0,0.0411703477380065
rf_all,7,fixed_0.5,0.5,test,48,471,36,,0.0,0.0,0.1541487749442652
rf_all,7,fixed_0.5,0.5,test,49,476,56,,0.0,0.0,0.2363326475730253
rf_local,7,val_f1,0.3699999999999999,val,-1,4687,920,0.9717194570135748,0.933695652173913,0.9523281596452328,0.985913608647396
rf_local,7,val_f1,0.3699999999999999,val,29,1174,329,0.980456026058632,0.9148936170212766,0.9465408805031448,0.9881203795941528
rf_local,7,val_f1,0.3699999999999999,val,30,524,83,0.95,0.9156626506024096,0.9325153374233128,0.9767251152725196
rf_local,7,val_f1,0.3699999999999999,val,31,710,106,0.926605504587156,0.9528301886792452,0.9395348837209302,0.983331171816206
rf_local,7,val_f1,0.3699999999999999,val,32,1323,342,0.9850746268656716,0.9649122807017544,0.9748892171344166,0.99782583532787
rf_local,7,val_f1,0.3699999999999999,val,33,441,23,0.95,0.8260869565217391,0.8837209302325582,0.8819162140386343
rf_local,7,val_f1,0.3699999999999999,val,34,515,37,0.9696969696969696,0.8648648648648649,0.9142857142857144,0.9778452011994772
rf_local,7,val_f1,0.3699999999999999,test,-1,16670,1083,0.8497237569060774,0.7100646352723915,0.7736418511066399,0.7774140269136095
rf_local,7,val_f1,0.3699999999999999,test,35,1341,182,0.9714285714285714,0.934065934065934,0.9523809523809524,0.9872095671052292
rf_local,7,val_f1,0.3699999999999999,test,36,1708,33,0.6808510638297872,0.9696969696969696,0.8,0.9811064084386124
rf_local,7,val_f1,0.3699999999999999,test,37,498,40,0.9642857142857144,0.675,0.7941176470588235,0.7851689205730776
rf_local,7,val_f1,0.3699999999999999,test,38,756,111,0.9705882352941176,0.8918918918918919,0.9295774647887324,0.950397197720528
rf_local,7,val_f1,0.3699999999999999,test,39,1183,81,0.8823529411764706,0.925925925925926,0.9036144578313252,0.9485089389054804
rf_local,7,val_f1,0.3699999999999999,test,40,1211,112,0.797752808988764,0.6339285714285714,0.7064676616915423,0.7490337732094532
rf_local,7,val_f1,0.3699999999999999,test,41,1132,116,0.9385964912280702,0.9224137931034484,0.9304347826086956,0.95144087927491
rf_local,7,val_f1,0.3699999999999999,test,42,2154,239,0.9113300492610836,0.7740585774058577,0.8371040723981901,0.8773036944824654
rf_local,7,val_f1,0.3699999999999999,test,43,1370,24,0.0,0.0,0.0,0.0374957196544748
rf_local,7,val_f1,0.3699999999999999,test,44,1591,24,0.0333333333333333,0.0416666666666666,0.037037037037037,0.0773480631529388
rf_local,7,val_f1,0.3699999999999999,test,45,1221,5,0.0,0.0,0.0,0.0085137343772799
rf_local,7,val_f1,0.3699999999999999,test,46,712,2,0.125,0.5,0.2,0.5028735632183908
rf_local,7,val_f1,0.3699999999999999,test,47,846,22,0.0,0.0,0.0,0.0226459172783251
rf_local,7,val_f1,0.3699999999999999,test,48,471,36,0.0,0.0,0.0,0.0890519491556166
rf_local,7,val_f1,0.3699999999999999,test,49,476,56,0.1666666666666666,0.0178571428571428,0.032258064516129,0.1544311078594857
rf_local,7,fixed_0.5,0.5,val,-1,4687,920,0.9880382775119616,0.8978260869565218,0.940774487471526,0.985913608647396
rf_local,7,fixed_0.5,0.5,val,29,1174,329,0.9932885906040269,0.8996960486322189,0.9441786283891548,0.9881203795941528
rf_local,7,fixed_0.5,0.5,val,30,524,83,0.958904109589041,0.8433734939759037,0.8974358974358975,0.9767251152725196
rf_local,7,fixed_0.5,0.5,val,31,710,106,0.9791666666666666,0.8867924528301887,0.9306930693069309,0.983331171816206
rf_local,7,fixed_0.5,0.5,val,32,1323,342,0.9968847352024922,0.935672514619883,0.9653092006033184,0.99782583532787
rf_local,7,fixed_0.5,0.5,val,33,441,23,0.9473684210526316,0.782608695652174,0.8571428571428571,0.8819162140386343
rf_local,7,fixed_0.5,0.5,val,34,515,37,0.9655172413793104,0.7567567567567568,0.8484848484848485,0.9778452011994772
rf_local,7,fixed_0.5,0.5,test,-1,16670,1083,0.9442282749675746,0.6722068328716528,0.785329018338727,0.7774140269136095
rf_local,7,fixed_0.5,0.5,test,35,1341,182,0.994011976047904,0.912087912087912,0.9512893982808024,0.9872095671052292
rf_local,7,fixed_0.5,0.5,test,36,1708,33,0.9117647058823528,0.9393939393939394,0.9253731343283582,0.9811064084386124
rf_local,7,fixed_0.5,0.5,test,37,498,40,1.0,0.55,0.7096774193548387,0.7851689205730776
rf_local,7,fixed_0.5,0.5,test,38,756,111,1.0,0.8558558558558559,0.9223300970873788,0.950397197720528
rf_local,7,fixed_0.5,0.5,test,39,1183,81,0.9577464788732394,0.8395061728395061,0.8947368421052632,0.9485089389054804
rf_local,7,fixed_0.5,0.5,test,40,1211,112,0.9295774647887324,0.5892857142857143,0.7213114754098361,0.7490337732094532
rf_local,7,fixed_0.5,0.5,test,41,1132,116,0.9904761904761904,0.896551724137931,0.9411764705882352,0.95144087927491
rf_local,7,fixed_0.5,0.5,test,42,2154,239,0.9774011299435028,0.7238493723849372,0.8317307692307693,0.8773036944824654
rf_local,7,fixed_0.5,0.5,test,43,1370,24,0.0,0.0,0.0,0.0374957196544748
rf_local,7,fixed_0.5,0.5,test,44,1591,24,0.0588235294117647,0.0416666666666666,0.048780487804878,0.0773480631529388
rf_local,7,fixed_0.5,0.5,test,45,1221,5,0.0,0.0,0.0,0.0085137343772799
rf_local,7,fixed_0.5,0.5,test,46,712,2,0.3333333333333333,0.5,0.4,0.5028735632183908
rf_local,7,fixed_0.5,0.5,test,47,846,22,0.0,0.0,0.0,0.0226459172783251
rf_local,7,fixed_0.5,0.5,test,48,471,36,0.0,0.0,0.0,0.0890519491556166
rf_local,7,fixed_0.5,0.5,test,49,476,56,0.25,0.0178571428571428,0.0333333333333333,0.1544311078594857
xgb_all,7,val_f1,0.3899999999999999,val,-1,4687,920,0.9679203539823008,0.9510869565217392,0.9594298245614036,0.9831818956474492
xgb_all,7,val_f1,0.3899999999999999,val,29,1174,329,0.98125,0.9544072948328268,0.9676425269645608,0.9913043282761566
xgb_all,7,val_f1,0.3899999999999999,val,30,524,83,0.95,0.9156626506024096,0.9325153374233128,0.9768869125620694
xgb_all,7,val_f1,0.3899999999999999,val,31,710,106,0.8981481481481481,0.9150943396226416,0.9065420560747663,0.9251333841996444
xgb_all,7,val_f1,0.3899999999999999,val,32,1323,342,0.9882005899705014,0.97953216374269,0.9838472834067548,0.9977805476245644
xgb_all,7,val_f1,0.3899999999999999,val,33,441,23,0.9473684210526316,0.782608695652174,0.8571428571428571,0.9489464466623032
xgb_all,7,val_f1,0.3899999999999999,val,34,515,37,0.9210526315789472,0.945945945945946,0.9333333333333332,0.9837376388438556
xgb_all,7,val_f1,0.3899999999999999,test,-1,16670,1083,0.8319148936170213,0.7220683287165282,0.773109243697479,0.7877011557954916
xgb_all,7,val_f1,0.3899999999999999,test,35,1341,182,0.9562841530054644,0.9615384615384616,0.958904109589041,0.9869978019756972
xgb_all,7,val_f1,0.3899999999999999,test,36,1708,33,0.7674418604651163,1.0,0.868421052631579,0.996556473829201
xgb_all,7,val_f1,0.3899999999999999,test,37,498,40,0.8888888888888888,0.6,0.7164179104477612,0.8588202164488048
xgb_all,7,val_f1,0.3899999999999999,test,38,756,111,0.9333333333333332,0.8828828828828829,0.9074074074074074,0.9495903289402656
xgb_all,7,val_f1,0.3899999999999999,test,39,1183,81,0.9240506329113924,0.9012345679012346,0.9125,0.9532176525976128
xgb_all,7,val_f1,0.3899999999999999,test,40,1211,112,0.9012345679012346,0.6517857142857143,0.7564766839378239,0.7559520777807476
xgb_all,7,val_f1,0.3899999999999999,test,41,1132,116,0.9008264462809916,0.9396551724137931,0.919831223628692,0.957930936819132
xgb_all,7,val_f1,0.3899999999999999,test,42,2154,239,0.892018779342723,0.7949790794979079,0.8407079646017699,0.8805476991900278
xgb_all,7,val_f1,0.3899999999999999,test,43,1370,24,0.125,0.0416666666666666,0.0625,0.053347479064381
xgb_all,7,val_f1,0.3899999999999999,test,44,1591,24,0.1153846153846153,0.125,0.12,0.0463709051178465
xgb_all,7,val_f1,0.3899999999999999,test,45,1221,5,0.0,0.0,0.0,0.0059647599663084
xgb_all,7,val_f1,0.3899999999999999,test,46,712,2,0.1111111111111111,0.5,0.1818181818181818,0.2613636363636363
xgb_all,7,val_f1,0.3899999999999999,test,47,846,22,0.0,0.0,0.0,0.0367885668862352
xgb_all,7,val_f1,0.3899999999999999,test,48,471,36,0.25,0.0277777777777777,0.05,0.1720821370926618
xgb_all,7,val_f1,0.3899999999999999,test,49,476,56,0.0833333333333333,0.0178571428571428,0.0294117647058823,0.2196982315377418
xgb_all,7,fixed_0.5,0.5,val,-1,4687,920,0.9707865168539326,0.9391304347826088,0.9546961325966852,0.9831818956474492
xgb_all,7,fixed_0.5,0.5,val,29,1174,329,0.981132075471698,0.9483282674772036,0.964451313755796,0.9913043282761566
xgb_all,7,fixed_0.5,0.5,val,30,524,83,0.9493670886075948,0.9036144578313252,0.925925925925926,0.9768869125620694
xgb_all,7,fixed_0.5,0.5,val,31,710,106,0.9150943396226416,0.9150943396226416,0.9150943396226416,0.9251333841996444
xgb_all,7,fixed_0.5,0.5,val,32,1323,342,0.9909638554216867,0.9619883040935672,0.9762611275964392,0.9977805476245644
xgb_all,7,fixed_0.5,0.5,val,33,441,23,0.9473684210526316,0.782608695652174,0.8571428571428571,0.9489464466623032
xgb_all,7,fixed_0.5,0.5,val,34,515,37,0.9166666666666666,0.8918918918918919,0.9041095890410958,0.9837376388438556
xgb_all,7,fixed_0.5,0.5,test,-1,16670,1083,0.8805460750853242,0.7146814404432132,0.7889908256880734,0.7877011557954916
xgb_all,7,fixed_0.5,0.5,test,35,1341,182,0.9611111111111112,0.9505494505494504,0.9558011049723756,0.9869978019756972
xgb_all,7,fixed_0.5,0.5,test,36,1708,33,0.868421052631579,1.0,0.9295774647887324,0.996556473829201
xgb_all,7,fixed_0.5,0.5,test,37,498,40,0.9230769230769232,0.6,0.7272727272727273,0.8588202164488048
xgb_all,7,fixed_0.5,0.5,test,38,756,111,0.9702970297029704,0.8828828828828829,0.9245283018867924,0.9495903289402656
xgb_all,7,fixed_0.5,0.5,test,39,1183,81,0.96,0.8888888888888888,0.9230769230769232,0.9532176525976128
xgb_all,7,fixed_0.5,0.5,test,40,1211,112,0.9466666666666668,0.6339285714285714,0.7593582887700535,0.7559520777807476
xgb_all,7,fixed_0.5,0.5,test,41,1132,116,0.9152542372881356,0.9310344827586208,0.9230769230769232,0.957930936819132
xgb_all,7,fixed_0.5,0.5,test,42,2154,239,0.9405940594059404,0.7949790794979079,0.8616780045351474,0.8805476991900278
xgb_all,7,fixed_0.5,0.5,test,43,1370,24,0.1666666666666666,0.0416666666666666,0.0666666666666666,0.053347479064381
xgb_all,7,fixed_0.5,0.5,test,44,1591,24,0.1052631578947368,0.0833333333333333,0.0930232558139534,0.0463709051178465
xgb_all,7,fixed_0.5,0.5,test,45,1221,5,0.0,0.0,0.0,0.0059647599663084
xgb_all,7,fixed_0.5,0.5,test,46,712,2,0.1428571428571428,0.5,0.2222222222222222,0.2613636363636363
xgb_all,7,fixed_0.5,0.5,test,47,846,22,0.0,0.0,0.0,0.0367885668862352
xgb_all,7,fixed_0.5,0.5,test,48,471,36,0.0,0.0,0.0,0.1720821370926618
xgb_all,7,fixed_0.5,0.5,test,49,476,56,0.1,0.0178571428571428,0.0303030303030303,0.2196982315377418
rf_all,11,val_f1,0.2699999999999999,val,-1,4687,920,0.9732739420935412,0.95,0.9614961496149615,0.9875046717100184
rf_all,11,val_f1,0.2699999999999999,val,29,1174,329,0.9746031746031746,0.933130699088146,0.953416149068323,0.9893942793249988
rf_all,11,val_f1,0.2699999999999999,val,30,524,83,0.9615384615384616,0.9036144578313252,0.9316770186335404,0.9760057053941348
rf_all,11,val_f1,0.2699999999999999,val,31,710,106,0.9523809523809524,0.9433962264150944,0.9478672985781992,0.9814667621470008
rf_all,11,val_f1,0.2699999999999999,val,32,1323,342,0.976878612716763,0.9883040935672516,0.9825581395348836,0.9988850971089248
rf_all,11,val_f1,0.2699999999999999,val,33,441,23,1.0,0.782608695652174,0.8780487804878049,0.9422222222222224
rf_all,11,val_f1,0.2699999999999999,val,34,515,37,1.0,0.972972972972973,0.9863013698630136,0.9911547911547912
rf_all,11,val_f1,0.2699999999999999,test,-1,16670,1083,0.8968347010550997,0.7063711911357341,0.7902892561983471,0.7810302246482096
rf_all,11,val_f1,0.2699999999999999,test,35,1341,182,0.9617486338797814,0.967032967032967,0.9643835616438357,0.9880772523054104
rf_all,11,val_f1,0.2699999999999999,test,36,1708,33,0.8461538461538461,1.0,0.9166666666666666,0.997350124622852
rf_all,11,val_f1,0.2699999999999999,test,37,498,40,0.9615384615384616,0.625,0.7575757575757576,0.7986556821281592
rf_all,11,val_f1,0.2699999999999999,test,38,756,111,0.9615384615384616,0.9009009009009008,0.9302325581395348,0.9488145124163582
rf_all,11,val_f1,0.2699999999999999,test,39,1183,81,0.9594594594594594,0.8765432098765432,0.9161290322580644,0.9502526701181764
rf_all,11,val_f1,0.2699999999999999,test,40,1211,112,0.971830985915493,0.6160714285714286,0.7540983606557377,0.7508400732319174
rf_all,11,val_f1,0.2699999999999999,test,41,1132,116,0.97196261682243,0.896551724137931,0.9327354260089686,0.955807326919796
rf_all,11,val_f1,0.2699999999999999,test,42,2154,239,0.9484536082474226,0.7698744769874477,0.8498845265588915,0.8747592907795874
rf_all,11,val_f1,0.2699999999999999,test,43,1370,24,0.0,0.0,0.0,0.0421877109403296
rf_all,11,val_f1,0.2699999999999999,test,44,1591,24,0.0526315789473684,0.0416666666666666,0.0465116279069767,0.0674185447016745
rf_all,11,val_f1,0.2699999999999999,test,45,1221,5,0.0,0.0,0.0,0.0070763841719625
rf_all,11,val_f1,0.2699999999999999,test,46,712,2,0.125,0.5,0.2,0.5050505050505051
rf_all,11,val_f1,0.2699999999999999,test,47,846,22,0.0,0.0,0.0,0.0308495722189914
rf_all,11,val_f1,0.2699999999999999,test,48,471,36,0.0,0.0,0.0,0.1520129579442391
rf_all,11,val_f1,0.2699999999999999,test,49,476,56,0.125,0.0178571428571428,0.03125,0.2397887906450431
rf_all,11,fixed_0.5,0.5,val,-1,4687,920,0.9925925925925926,0.8739130434782608,0.9294797687861271,0.9875046717100184
rf_all,11,fixed_0.5,0.5,val,29,1174,329,0.9931740614334472,0.8844984802431611,0.9356913183279744,0.9893942793249988
rf_all,11,fixed_0.5,0.5,val,30,524,83,0.9850746268656716,0.7951807228915663,0.88,0.9760057053941348
rf_all,11,fixed_0.5,0.5,val,31,710,106,0.978494623655914,0.8584905660377359,0.914572864321608,0.9814667621470008
rf_all,11,fixed_0.5,0.5,val,32,1323,342,0.996845425867508,0.9239766081871345,0.9590288315629742,0.9988850971089248
rf_all,11,fixed_0.5,0.5,val,33,441,23,1.0,0.6956521739130435,0.8205128205128205,0.9422222222222224
rf_all,11,fixed_0.5,0.5,val,34,515,37,1.0,0.6486486486486487,0.7868852459016393,0.9911547911547912
rf_all,11,fixed_0.5,0.5,test,-1,16670,1083,0.9915682967959528,0.5429362880886427,0.7016706443914081,0.7810302246482096
rf_all,11,fixed_0.5,0.5,test,35,1341,182,1.0,0.8406593406593407,0.9134328358208956,0.9880772523054104
rf_all,11,fixed_0.5,0.5,test,36,1708,33,1.0,0.696969696969697,0.8214285714285714,0.997350124622852
rf_all,11,fixed_0.5,0.5,test,37,498,40,1.0,0.475,0.6440677966101694,0.7986556821281592
rf_all,11,fixed_0.5,0.5,test,38,756,111,1.0,0.6396396396396397,0.7802197802197802,0.9488145124163582
rf_all,11,fixed_0.5,0.5,test,39,1183,81,1.0,0.4320987654320987,0.603448275862069,0.9502526701181764
rf_all,11,fixed_0.5,0.5,test,40,1211,112,1.0,0.4910714285714285,0.6586826347305389,0.7508400732319174
rf_all,11,fixed_0.5,0.5,test,41,1132,116,1.0,0.5775862068965517,0.73224043715847,0.955807326919796
rf_all,11,fixed_0.5,0.5,test,42,2154,239,1.0,0.6820083682008368,0.8109452736318408,0.8747592907795874
rf_all,11,fixed_0.5,0.5,test,43,1370,24,,0.0,0.0,0.0421877109403296
rf_all,11,fixed_0.5,0.5,test,44,1591,24,0.25,0.0416666666666666,0.0714285714285714,0.0674185447016745
rf_all,11,fixed_0.5,0.5,test,45,1221,5,0.0,0.0,0.0,0.0070763841719625
rf_all,11,fixed_0.5,0.5,test,46,712,2,0.5,0.5,0.5,0.5050505050505051
rf_all,11,fixed_0.5,0.5,test,47,846,22,,0.0,0.0,0.0308495722189914
rf_all,11,fixed_0.5,0.5,test,48,471,36,,0.0,0.0,0.1520129579442391
rf_all,11,fixed_0.5,0.5,test,49,476,56,,0.0,0.0,0.2397887906450431
rf_local,11,val_f1,0.3399999999999999,val,-1,4687,920,0.9708193041526376,0.9402173913043478,0.955273329652126,0.9875136634779844
rf_local,11,val_f1,0.3399999999999999,val,29,1174,329,0.9805194805194806,0.917933130699088,0.9481946624803768,0.9906285076356016
rf_local,11,val_f1,0.3399999999999999,val,30,524,83,0.95,0.9156626506024096,0.9325153374233128,0.9764477853242958
rf_local,11,val_f1,0.3399999999999999,val,31,710,106,0.926605504587156,0.9528301886792452,0.9395348837209302,0.9815736489645736
rf_local,11,val_f1,0.3399999999999999,val,32,1323,342,0.9823008849557522,0.9736842105263158,0.9779735682819384,0.998005526433589
rf_local,11,val_f1,0.3399999999999999,val,33,441,23,0.95,0.8260869565217391,0.8837209302325582,0.8812444765095817
rf_local,11,val_f1,0.3399999999999999,val,34,515,37,0.9714285714285714,0.918918918918919,0.9444444444444444,0.9835173886832492
rf_local,11,val_f1,0.3399999999999999,test,-1,16670,1083,0.8313641245972073,0.7146814404432132,0.7686196623634558,0.7743365733609874
rf_local,11,val_f1,0.3399999999999999,test,35,1341,182,0.9717514124293786,0.945054945054945,0.958217270194986,0.9869092688965528
rf_local,11,val_f1,0.3399999999999999,test,36,1708,33,0.6530612244897959,0.9696969696969696,0.7804878048780488,0.97800110654499
rf_local,11,val_f1,0.3399999999999999,test,37,498,40,0.9642857142857144,0.675,0.7941176470588235,0.7597171437902412
rf_local,11,val_f1,0.3399999999999999,test,38,756,111,0.98989898989899,0.8828828828828829,0.9333333333333332,0.9454194108171718
rf_local,11,val_f1,0.3399999999999999,test,39,1183,81,0.8823529411764706,0.925925925925926,0.9036144578313252,0.9482652159451536
rf_local,11,val_f1,0.3399999999999999,test,40,1211,112,0.7741935483870968,0.6428571428571429,0.7024390243902439,0.747060662311328
rf_local,11,val_f1,0.3399999999999999,test,41,1132,116,0.9385964912280702,0.9224137931034484,0.9304347826086956,0.9515009322235451
rf_local,11,val_f1,0.3399999999999999,test,42,2154,239,0.912621359223301,0.7866108786610879,0.8449438202247191,0.8740782754461742
rf_local,11,val_f1,0.3399999999999999,test,43,1370,24,0.0,0.0,0.0,0.0393147948084369
rf_local,11,val_f1,0.3399999999999999,test,44,1591,24,0.0294117647058823,0.0416666666666666,0.0344827586206896,0.0744287119021412
rf_local,11,val_f1,0.3399999999999999,test,45,1221,5,0.0,0.0,0.0,0.0075354189083697
rf_local,11,val_f1,0.3399999999999999,test,46,712,2,0.1,0.5,0.1666666666666666,0.5066666666666667
rf_local,11,val_f1,0.3399999999999999,test,47,846,22,0.0,0.0,0.0,0.0225887034374586
rf_local,11,val_f1,0.3399999999999999,test,48,471,36,0.0,0.0,0.0,0.0800944234450839
rf_local,11,val_f1,0.3399999999999999,test,49,476,56,0.1111111111111111,0.0178571428571428,0.0307692307692307,0.1431948515144044
rf_local,11,fixed_0.5,0.5,val,-1,4687,920,0.9903730445246692,0.8945652173913043,0.940034266133638,0.9875136634779844
rf_local,11,fixed_0.5,0.5,val,29,1174,329,0.9932885906040269,0.8996960486322189,0.9441786283891548,0.9906285076356016
rf_local,11,fixed_0.5,0.5,val,30,524,83,0.958904109589041,0.8433734939759037,0.8974358974358975,0.9764477853242958
rf_local,11,fixed_0.5,0.5,val,31,710,106,0.9789473684210528,0.8773584905660378,0.9253731343283582,0.9815736489645736
rf_local,11,fixed_0.5,0.5,val,32,1323,342,0.9968847352024922,0.935672514619883,0.9653092006033184,0.998005526433589
rf_local,11,fixed_0.5,0.5,val,33,441,23,1.0,0.7391304347826086,0.85,0.8812444765095817
rf_local,11,fixed_0.5,0.5,val,34,515,37,1.0,0.7297297297297297,0.84375,0.9835173886832492
rf_local,11,fixed_0.5,0.5,test,-1,16670,1083,0.9723374827109268,0.6491228070175439,0.778516057585825,0.7743365733609874
rf_local,11,fixed_0.5,0.5,test,35,1341,182,0.993939393939394,0.9010989010989012,0.9452449567723344,0.9869092688965528
rf_local,11,fixed_0.5,0.5,test,36,1708,33,0.9117647058823528,0.9393939393939394,0.9253731343283582,0.97800110654499
rf_local,11,fixed_0.5,0.5,test,37,498,40,1.0,0.55,0.7096774193548387,0.7597171437902412
rf_local,11,fixed_0.5,0.5,test,38,756,111,1.0,0.8378378378378378,0.9117647058823528,0.9454194108171718
rf_local,11,fixed_0.5,0.5,test,39,1183,81,1.0,0.7777777777777778,0.875,0.9482652159451536
rf_local,11,fixed_0.5,0.5,test,40,1211,112,1.0,0.5625,0.72,0.747060662311328
rf_local,11,fixed_0.5,0.5,test,41,1132,116,0.98989898989899,0.8448275862068966,0.9116279069767442,0.9515009322235451
rf_local,11,fixed_0.5,0.5,test,42,2154,239,0.9822485207100592,0.694560669456067,0.8137254901960784,0.8740782754461742
rf_local,11,fixed_0.5,0.5,test,43,1370,24,0.0,0.0,0.0,0.0393147948084369
rf_local,11,fixed_0.5,0.5,test,44,1591,24,0.1428571428571428,0.0416666666666666,0.064516129032258,0.0744287119021412
rf_local,11,fixed_0.5,0.5,test,45,1221,5,0.0,0.0,0.0,0.0075354189083697
rf_local,11,fixed_0.5,0.5,test,46,712,2,0.5,0.5,0.5,0.5066666666666667
rf_local,11,fixed_0.5,0.5,test,47,846,22,0.0,0.0,0.0,0.0225887034374586
rf_local,11,fixed_0.5,0.5,test,48,471,36,,0.0,0.0,0.0800944234450839
rf_local,11,fixed_0.5,0.5,test,49,476,56,0.3333333333333333,0.0178571428571428,0.0338983050847457,0.1431948515144044
xgb_all,11,val_f1,0.3799999999999999,val,-1,4687,920,0.9647188533627344,0.9510869565217392,0.9578544061302682,0.9846209764501688
xgb_all,11,val_f1,0.3799999999999999,val,29,1174,329,0.978125,0.9513677811550152,0.9645608628659476,0.991966936558306
xgb_all,11,val_f1,0.3799999999999999,val,30,524,83,0.9743589743589745,0.9156626506024096,0.9440993788819876,0.9817429042638794
xgb_all,11,val_f1,0.3799999999999999,val,31,710,106,0.8828828828828829,0.9245283018867924,0.9032258064516128,0.9242797074122124
xgb_all,11,val_f1,0.3799999999999999,val,32,1323,342,0.9824561403508772,0.9824561403508772,0.9824561403508772,0.9982341225207328
xgb_all,11,val_f1,0.3799999999999999,val,33,441,23,0.9473684210526316,0.782608695652174,0.8571428571428571,0.9283855541864694
xgb_all,11,val_f1,0.3799999999999999,val,34,515,37,0.918918918918919,0.918918918918919,0.918918918918919,0.9869884440024506
xgb_all,11,val_f1,0.3799999999999999,test,-1,16670,1083,0.802672147995889,0.7211449676823638,0.7597276264591439,0.7853264293521088
xgb_all,11,val_f1,0.3799999999999999,test,35,1341,182,0.9613259668508288,0.956043956043956,0.9586776859504132,0.9859259941212992
xgb_all,11,val_f1,0.3799999999999999,test,36,1708,33,0.7333333333333333,1.0,0.8461538461538461,0.9928781518828094
xgb_all,11,val_f1,0.3799999999999999,test,37,498,40,0.9230769230769232,0.6,0.7272727272727273,0.8440531080533531
xgb_all,11,val_f1,0.3799999999999999,test,38,756,111,0.9065420560747663,0.8738738738738738,0.8899082568807339,0.943254062215441
xgb_all,11,val_f1,0.3799999999999999,test,39,1183,81,0.8426966292134831,0.925925925925926,0.8823529411764706,0.9447749866762292
xgb_all,11,val_f1,0.3799999999999999,test,40,1211,112,0.8705882352941177,0.6607142857142857,0.751269035532995,0.7504095614177603
xgb_all,11,val_f1,0.3799999999999999,test,41,1132,116,0.8780487804878049,0.9310344827586208,0.9037656903765692,0.9590237875629334
xgb_all,11,val_f1,0.3799999999999999,test,42,2154,239,0.892018779342723,0.7949790794979079,0.8407079646017699,0.8829203013816974
xgb_all,11,val_f1,0.3799999999999999,test,43,1370,24,0.1428571428571428,0.0416666666666666,0.064516129032258,0.0536061430156589
xgb_all,11,val_f1,0.3799999999999999,test,44,1591,24,0.0769230769230769,0.0833333333333333,0.08,0.0396410851902087
xgb_all,11,val_f1,0.3799999999999999,test,45,1221,5,0.0,0.0,0.0,0.0058560651036429
xgb_all,11,val_f1,0.3799999999999999,test,46,712,2,0.0555555555555555,0.5,0.1,0.1755162241887905
xgb_all,11,val_f1,0.3799999999999999,test,47,846,22,0.0,0.0,0.0,0.039337463012192
xgb_all,11,val_f1,0.3799999999999999,test,48,471,36,0.25,0.0277777777777777,0.05,0.2102517120337582
xgb_all,11,val_f1,0.3799999999999999,test,49,476,56,0.0666666666666666,0.0178571428571428,0.028169014084507,0.2235287233818741
xgb_all,11,fixed_0.5,0.5,val,-1,4687,920,0.9708193041526376,0.9402173913043478,0.955273329652126,0.9846209764501688
xgb_all,11,fixed_0.5,0.5,val,29,1174,329,0.9779179810725552,0.9422492401215804,0.959752321981424,0.991966936558306
xgb_all,11,fixed_0.5,0.5,val,30,524,83,0.9743589743589745,0.9156626506024096,0.9440993788819876,0.9817429042638794
xgb_all,11,fixed_0.5,0.5,val,31,710,106,0.923809523809524,0.9150943396226416,0.919431279620853,0.9242797074122124
xgb_all,11,fixed_0.5,0.5,val,32,1323,342,0.9822485207100592,0.9707602339181286,0.976470588235294,0.9982341225207328
xgb_all,11,fixed_0.5,0.5,val,33,441,23,0.9473684210526316,0.782608695652174,0.8571428571428571,0.9283855541864694
xgb_all,11,fixed_0.5,0.5,val,34,515,37,0.9411764705882352,0.8648648648648649,0.9014084507042254,0.9869884440024506
xgb_all,11,fixed_0.5,0.5,test,-1,16670,1083,0.8555555555555555,0.7109879963065558,0.7766011094301564,0.7853264293521088
xgb_all,11,fixed_0.5,0.5,test,35,1341,182,0.9772727272727272,0.945054945054945,0.9608938547486032,0.9859259941212992
xgb_all,11,fixed_0.5,0.5,test,36,1708,33,0.8048780487804879,1.0,0.8918918918918919,0.9928781518828094
xgb_all,11,fixed_0.5,0.5,test,37,498,40,0.92,0.575,0.7076923076923077,0.8440531080533531
xgb_all,11,fixed_0.5,0.5,test,38,756,111,0.9326923076923076,0.8738738738738738,0.9023255813953488,0.943254062215441
xgb_all,11,fixed_0.5,0.5,test,39,1183,81,0.9012345679012346,0.9012345679012346,0.9012345679012346,0.9447749866762292
xgb_all,11,fixed_0.5,0.5,test,40,1211,112,0.9,0.6428571428571429,0.75,0.7504095614177603
xgb_all,11,fixed_0.5,0.5,test,41,1132,116,0.907563025210084,0.9310344827586208,0.9191489361702128,0.9590237875629334
xgb_all,11,fixed_0.5,0.5,test,42,2154,239,0.9306930693069309,0.7866108786610879,0.8526077097505669,0.8829203013816974
xgb_all,11,fixed_0.5,0.5,test,43,1370,24,0.0,0.0,0.0,0.0536061430156589
xgb_all,11,fixed_0.5,0.5,test,44,1591,24,0.125,0.0833333333333333,0.1,0.0396410851902087
xgb_all,11,fixed_0.5,0.5,test,45,1221,5,0.0,0.0,0.0,0.0058560651036429
xgb_all,11,fixed_0.5,0.5,test,46,712,2,0.0769230769230769,0.5,0.1333333333333333,0.1755162241887905
xgb_all,11,fixed_0.5,0.5,test,47,846,22,0.0,0.0,0.0,0.039337463012192
xgb_all,11,fixed_0.5,0.5,test,48,471,36,0.0,0.0,0.0,0.2102517120337582
xgb_all,11,fixed_0.5,0.5,test,49,476,56,0.1,0.0178571428571428,0.0303030303030303,0.2235287233818741
